adj_prc,cls_prc,code,date,high_prc,low_prc,shtsale_trd_qty,strt_prc,trd_qty
4205,2065,187790,20140508,2100,2030,0,2090,709.91
4175,2050,187790,20140509,2055,2045,0,2045,152.99
4185,2055,187790,20140512,2055,2045,0,2050,90.89
4175,2050,187790,20140513,2055,2050,0,2050,100.3
4175,2050,187790,20140514,2055,2035,0,2035,118.14
4185,2055,187790,20140515,2060,2050,0,2050,70.57
4175,2050,187790,20140516,2055,2050,0,2050,57.47
4175,2050,187790,20140519,2055,2050,0,2050,45.92
4195,2060,187790,20140520,2060,2050,0,2050,41.25
4185,2055,187790,20140521,2060,2055,0,2060,17.95
4195,2060,187790,20140522,2060,2055,0,2060,22.82
4236,2080,187790,20140523,2090,2060,0,2060,54.08
4277,2100,187790,20140526,2115,2065,0,2090,38.18
4297,2110,187790,20140527,2120,2100,0,2120,35.78
4470,2195,187790,20140528,2205,2120,0,2120,178.75
4399,2160,187790,20140529,2195,2160,0,2195,36.51
4613,2265,187790,20140530,2275,2185,0,2185,126.06
4653,2285,187790,20140602,2320,2250,0,2265,90.48
4623,2270,187790,20140603,2300,2250,0,2265,46.88
4582,2250,187790,20140605,2285,2230,0,2230,18.64
4562,2240,187790,20140609,2270,2235,0,2250,24.79
4603,2260,187790,20140610,2270,2220,0,2265,68.39
4521,2220,187790,20140611,2255,2220,0,2240,45.31
4501,2210,187790,20140612,2220,2200,0,2200,16.72
4480,2200,187790,20140613,2205,2190,0,2205,30.38
4460,2190,187790,20140616,2190,2170,0,2190,33.84
4521,2220,187790,20140617,2220,2180,0,2180,2.42
4480,2200,187790,20140618,2245,2160,0,2245,16.82
4460,2190,187790,20140619,2195,2170,0,2175,6.38
4511,2215,187790,20140620,2220,2170,0,2170,36.33
4501,2210,187790,20140623,2220,2180,0,2180,30
4480,2200,187790,20140624,2205,2190,0,2205,1.01
4470,2195,187790,20140625,2200,2185,0,2200,12.77
4480,2200,187790,20140626,2205,2195,0,2195,17.16
4480,2200,187790,20140627,2200,2200,0,2200,0
4460,2190,187790,20140630,2210,2190,0,2210,2.26
4450,2185,187790,20140701,2190,2180,0,2190,1.18
4379,2150,187790,20140702,2180,2140,0,2180,35.92
4389,2155,187790,20140703,2155,2135,0,2135,34.58
4348,2135,187790,20140704,2155,2125,0,2145,29.67
4338,2130,187790,20140707,2170,2130,0,2170,36.8
4328,2125,187790,20140708,2130,2120,0,2130,13.42
4358,2140,187790,20140709,2140,2110,0,2120,16.18
4358,2140,187790,20140710,2140,2130,0,2130,9.49
4338,2130,187790,20140711,2150,2120,0,2150,26.7
4358,2140,187790,20140714,2140,2115,0,2130,13.25
4317,2120,187790,20140715,2125,2115,0,2115,12.07
4338,2130,187790,20140716,2155,2115,0,2135,33.73
4389,2155,187790,20140717,2180,2130,0,2130,14.49
4379,2150,187790,20140718,2155,2130,0,2155,29.5
4338,2130,187790,20140721,2130,2120,0,2120,22.59
4317,2120,187790,20140722,2125,2120,0,2120,38.66
4307,2115,187790,20140723,2130,2090,0,2115,91.52
4338,2130,187790,20140724,2130,2090,0,2105,46.16
4379,2150,187790,20140725,2150,2125,0,2135,39.66
4328,2125,187790,20140728,2150,2100,0,2105,42.88
4317,2120,187790,20140729,2135,2090,0,2130,101.73
4297,2110,187790,20140730,2120,2100,0,2120,14.67
4307,2115,187790,20140731,2115,2110,0,2110,7.09
4338,2130,187790,20140801,2130,2120,0,2120,0.11
4348,2135,187790,20140804,2135,2100,0,2110,97.81
4338,2130,187790,20140805,2130,2100,0,2130,12.4
4328,2125,187790,20140806,2130,2120,0,2125,12.31
4338,2130,187790,20140807,2130,2110,0,2120,4.4
4338,2130,187790,20140808,2130,2100,0,2100,10.35
4338,2130,187790,20140811,2130,2100,0,2105,11.96
4338,2130,187790,20140812,2130,2095,0,2105,6.06
4338,2130,187790,20140813,2130,2105,0,2105,17.48
4358,2140,187790,20140814,2140,2130,0,2130,19.26
4358,2140,187790,20140818,2140,2140,0,2140,0
4358,2140,187790,20140819,2140,2120,0,2120,2.01
4348,2135,187790,20140820,2135,2110,0,2110,1
4307,2115,187790,20140821,2135,2105,0,2105,5.09
4328,2125,187790,20140822,2125,2125,0,2125,0
4297,2110,187790,20140825,2110,2105,0,2105,5.92
4348,2135,187790,20140826,2135,2135,0,2135,0.01
4348,2135,187790,20140827,2135,2135,0,2135,0.25
4348,2135,187790,20140828,2135,2135,0,2135,0
4338,2130,187790,20140829,2130,2130,0,2130,0
4317,2120,187790,20140901,2120,2100,0,2100,1
4307,2115,187790,20140902,2115,2115,0,2115,0
4297,2110,187790,20140903,2110,2085,0,2085,31.7
4297,2110,187790,20140904,2110,2090,0,2090,0
4277,2100,187790,20140905,2105,2075,0,2105,9.24
4267,2095,187790,20140911,2100,2065,0,2100,4.36
4277,2100,187790,20140912,2100,2080,0,2080,0.02
4277,2100,187790,20140915,2100,2100,0,2100,0
4307,2115,187790,20140916,2115,2100,0,2100,0
4246,2085,187790,20140917,2090,2085,0,2090,2.71
4236,2080,187790,20140918,2120,2075,0,2120,7.83
4267,2095,187790,20140919,2105,2085,0,2085,3.02
4256,2090,187790,20140922,2095,2090,0,2095,8
4267,2095,187790,20140923,2095,2075,0,2080,15.38
4256,2090,187790,20140924,2095,2070,0,2080,9.91
4256,2090,187790,20140925,2090,2050,0,2080,36.7
4216,2070,187790,20140926,2090,2070,0,2090,8.39
4307,2115,187790,20140929,2115,2070,0,2070,0.38
4226,2075,187790,20140930,2085,2050,0,2085,23.58
4195,2060,187790,20141001,2085,2050,0,2085,15.35
4195,2060,187790,20141002,2070,2040,0,2050,42.31
4205,2065,187790,20141006,2065,2010,0,2030,1.54
4216,2070,187790,20141007,2070,2025,0,2025,26.07
4175,2050,187790,20141008,2150,2020,0,2150,38.68
4216,2070,187790,20141010,2070,2045,0,2050,15.55
4134,2030,187790,20141013,2050,2025,0,2030,11.6
4185,2055,187790,20141014,2080,2030,0,2030,7.92
4124,2025,187790,20141015,2035,2025,0,2035,13.07
4175,2050,187790,20141016,2050,2025,0,2025,13.55
4175,2050,187790,20141017,2065,2030,0,2065,16.57
4175,2050,187790,20141020,2050,2030,0,2030,20.54
4216,2070,187790,20141021,2080,2050,0,2075,20.34
4144,2035,187790,20141022,2090,2035,0,2055,20.28
4175,2050,187790,20141023,2055,2040,0,2055,36.66
4256,2090,187790,20141024,2090,2040,0,2050,18.37
4246,2085,187790,20141027,2140,2085,0,2100,22.51
4338,2130,187790,20141028,2140,2100,0,2130,11.42
4277,2100,187790,20141029,2130,2090,0,2100,28.13
4297,2110,187790,20141030,2110,2090,0,2100,2.33
4287,2105,187790,20141031,2105,2090,0,2105,5.54
4287,2105,187790,20141103,2110,2090,0,2090,5.93
4236,2080,187790,20141104,2105,2080,0,2100,8.69
4328,2125,187790,20141105,2150,2070,0,2095,15.18
4328,2125,187790,20141106,2160,2105,0,2125,62.52
4419,2170,187790,20141107,2180,2125,0,2140,138.8
4440,2180,187790,20141110,2200,2140,0,2200,178.12
4440,2180,187790,20141111,2180,2180,0,2180,0
4440,2180,187790,20141112,2180,2180,0,2180,0
4440,2180,187790,20141113,2180,2180,0,2180,0
4440,2180,187790,20141114,2180,2180,0,2180,0
4440,2180,187790,20141117,2180,2180,0,2180,0
4440,2180,187790,20141118,2180,2180,0,2180,0
4440,2180,187790,20141119,2180,2180,0,2180,0
4440,2180,187790,20141120,2180,2180,0,2180,0
4440,2180,187790,20141121,2180,2180,0,2180,0
4440,2180,187790,20141124,2180,2180,0,2180,0
4440,2180,187790,20141125,2180,2180,0,2180,0
4440,2180,187790,20141126,2180,2180,0,2180,0
4440,2180,187790,20141127,2180,2180,0,2180,0
4440,2180,187790,20141128,2180,2180,0,2180,0
4440,2180,187790,20141201,2180,2180,0,2180,0
4440,2180,187790,20141202,2180,2180,0,2180,0
4440,2180,187790,20141203,2180,2180,0,2180,0
4440,2180,187790,20141204,2180,2180,0,2180,0
4440,2180,187790,20141205,2180,2180,0,2180,0
4440,2180,187790,20141208,2180,2180,0,2180,0
4440,2180,187790,20141209,2180,2180,0,2180,0
4440,2180,187790,20141210,2180,2180,0,2180,0
4440,2180,187790,20141211,2180,2180,0,2180,0
4440,2180,187790,20141212,2180,2180,0,2180,0
4440,2180,187790,20141215,2180,2180,0,2180,0
4440,2180,187790,20141216,2180,2180,0,2180,0
4440,2180,187790,20141217,2180,2180,0,2180,0
4440,2180,187790,20141218,2180,2180,0,2180,0
4440,2180,187790,20141219,2180,2180,0,2180,0
4440,2180,187790,20141222,2180,2180,0,2180,0
4440,2180,187790,20141223,2180,2180,0,2180,0
4440,2180,187790,20141224,2180,2180,0,2180,0
4440,2180,187790,20141226,2180,2180,0,2180,0
4440,2180,187790,20141229,2180,2180,0,2180,0
4440,2180,187790,20141230,2180,2180,0,2180,0
4440,2180,187790,20150102,2180,2180,0,2180,0
4440,2180,187790,20150105,2180,2180,0,2180,0
4440,2180,187790,20150106,2180,2180,0,2180,0
4440,2180,187790,20150107,2180,2180,0,2180,0
4440,2180,187790,20150108,2180,2180,0,2180,0
4296,2090,187790,20150109,2160,2035,0,2160,334.4
4399,2140,187790,20150112,2250,2055,0,2080,385.14
4388,2135,187790,20150113,2180,2090,0,2175,306.2
4378,2130,187790,20150114,2160,2100,0,2100,159.84
4717,2295,187790,20150115,2445,2150,0,2150,863.93
4830,2350,187790,20150116,2450,2240,0,2295,446.57
5056,2460,187790,20150119,2625,2390,0,2390,351.54
5077,2470,187790,20150120,2590,2380,0,2500,219.33
5056,2460,187790,20150121,2510,2350,0,2470,228.39
5159,2510,187790,20150122,2540,2430,0,2460,115
5323,2590,187790,20150123,2650,2510,0,2530,178.52
5262,2560,187790,20150126,2630,2545,0,2590,92.33
5210,2535,187790,20150127,2570,2465,0,2550,84.52
5210,2535,187790,20150128,2545,2455,0,2530,70.3
5190,2525,187790,20150129,2640,2525,0,2640,207.91
5323,2590,187790,20150130,2590,2505,0,2565,141.2
5961,2900,187790,20150202,2940,2590,0,2590,327.51
6618,3220,187790,20150203,3335,2930,0,2930,522.79
7358,3580,187790,20150204,3650,3275,0,3650,300.48
7050,3430,187790,20150205,3780,3400,0,3675,273.12
6906,3360,187790,20150206,3475,3350,0,3430,101.36
7512,3655,187790,20150209,3680,3340,0,3340,127.64
7502,3650,187790,20150210,3980,3560,0,3740,133.73
7461,3630,187790,20150211,3760,3530,0,3650,56.94
7163,3485,187790,20150212,3700,3460,0,3700,78.43
7389,3595,187790,20150213,3685,3475,0,3480,55.77
7194,3500,187790,20150216,3605,3470,0,3470,82.3
7194,3500,187790,20150217,3785,3480,0,3785,26.58
6762,3290,187790,20150223,3505,3250,0,3500,136.64
6413,3120,187790,20150224,3350,3090,0,3345,106.87
6505,3165,187790,20150225,3200,3000,0,3120,102.67
6670,3245,187790,20150226,3285,3185,0,3240,23.33
6783,3300,187790,20150227,3380,3170,0,3380,53.33
6814,3315,187790,20150302,3460,3260,0,3430,63.02
6814,3315,187790,20150303,3440,3265,0,3440,18.64
6629,3225,187790,20150304,3315,3185,0,3315,42.28
6721,3270,187790,20150305,3300,3155,0,3155,25.02
6721,3270,187790,20150306,3335,3170,0,3330,63.53
6783,3300,187790,20150309,3325,3230,0,3230,37.6
6588,3205,187790,20150310,3300,3200,0,3300,49.95
6403,3115,187790,20150311,3215,3115,0,3190,74.15
6783,3300,187790,20150312,3300,3090,0,3090,85
6886,3350,187790,20150313,3555,3210,0,3305,116.55
6639,3230,187790,20150316,3360,3225,0,3350,36.55
6618,3220,187790,20150317,3365,3180,0,3365,61.61
6608,3215,187790,20150318,3330,3185,0,3330,114.08
6752,3285,187790,20150319,3355,3200,0,3200,149.1
6988,3400,187790,20150320,3555,3285,0,3290,130.14
7831,3810,187790,20150323,3910,3400,0,3400,209
7841,3815,187790,20150324,4025,3720,0,3810,196.81
7995,3890,187790,20150325,3980,3710,0,3820,118.49
7934,3860,187790,20150326,3985,3800,0,3890,61.87
7687,3740,187790,20150327,3900,3710,0,3900,44.99
7780,3785,187790,20150330,3865,3705,0,3740,84.65
7708,3750,187790,20150331,3890,3600,0,3890,45.36
7605,3700,187790,20150401,3810,3600,0,3600,19.7
7441,3620,187790,20150402,3780,3545,0,3695,38.02
7605,3700,187790,20150403,3735,3510,0,3655,34.46
7728,3760,187790,20150406,3790,3665,0,3665,32.94
7708,3750,187790,20150407,3785,3650,0,3725,34.83
7584,3690,187790,20150408,3750,3650,0,3710,27.4
7307,3555,187790,20150409,3690,3510,0,3690,82.05
7091,3450,187790,20150410,3585,3320,0,3485,83.66
6588,3205,187790,20150413,3440,3120,0,3210,415.39
6618,3220,187790,20150414,3290,3125,0,3125,90.43
6659,3240,187790,20150415,3300,3195,0,3205,49.53
6659,3240,187790,20150416,3270,3130,0,3270,97.85
6639,3230,187790,20150417,3260,3200,0,3220,41.99
6773,3295,187790,20150420,3345,3180,0,3205,81.46
7091,3450,187790,20150421,3770,3280,0,3385,111.77
6988,3400,187790,20150422,3600,3275,0,3450,70.22
6957,3385,187790,20150423,3760,3300,0,3685,80.68
6814,3315,187790,20150424,3375,3265,0,3355,41.86
6649,3235,187790,20150427,3300,3200,0,3300,45.78
6783,3300,187790,20150428,3365,3190,0,3295,50.82
7800,3795,187790,20150429,3795,3240,0,3300,615.87
6639,3230,187790,20150430,3480,3230,0,3480,1444.83
6043,2940,187790,20150504,3080,2840,0,2840,986.19
5827,2835,187790,20150506,2995,2815,0,2890,369.86
6074,2955,187790,20150507,3075,2750,0,2750,457.95
6310,3070,187790,20150508,3200,2920,0,2920,684.6
6259,3045,187790,20150511,3130,2975,0,3020,220.87
6372,3100,187790,20150512,3180,3035,0,3040,474.04
6392,3110,187790,20150513,3200,3065,0,3100,522.6
6187,3010,187790,20150514,3140,2975,0,3140,238.57
6228,3030,187790,20150515,3065,2975,0,3020,181.16
6218,3025,187790,20150518,3065,2980,0,3000,199.16
6546,3185,187790,20150519,3475,2990,0,2995,1736.73
6731,3275,187790,20150520,3300,3205,0,3210,406.97
6773,3295,187790,20150521,3435,3175,0,3300,316.14
6711,3265,187790,20150522,3345,3250,0,3250,177.68
6659,3240,187790,20150526,3300,3165,0,3300,142.12
6567,3195,187790,20150527,3240,3130,0,3200,147.55
6577,3200,187790,20150528,3250,3150,0,3195,89.77
6259,3045,187790,20150529,3180,3035,0,3110,179.21
6464,3145,187790,20150601,3230,2980,0,3055,148
6433,3130,187790,20150602,3140,3040,0,3040,103.43
6279,3055,187790,20150603,3200,3000,0,3055,205.63
6259,3045,187790,20150604,3135,2980,0,3040,139.22
6248,3040,187790,20150605,3100,3005,0,3005,124.96
6403,3115,187790,20150608,3140,3010,0,3010,265.16
6752,3285,187790,20150609,3345,3110,0,3135,236.58
6731,3275,187790,20150610,3290,3100,0,3290,220.74
6783,3300,187790,20150611,3545,3225,0,3275,496.84
6865,3340,187790,20150612,3380,3270,0,3270,111.51
6536,3180,187790,20150615,3395,3140,0,3395,172.71
6310,3070,187790,20150616,3200,3060,0,3115,106.32
6289,3060,187790,20150617,3100,3005,0,3100,80
6320,3075,187790,20150618,3095,3000,0,3080,96.22
6577,3200,187790,20150619,3265,3020,0,3075,171.04
6742,3280,187790,20150622,3280,3130,0,3280,97.58
6783,3300,187790,20150623,3360,3250,0,3250,121.9
6742,3280,187790,20150624,3325,3195,0,3300,82.23
6269,3050,187790,20150625,3130,2840,0,3020,2061.95
6269,3050,187790,20150626,3105,3035,0,3060,162.89
6228,3030,187790,20150629,3075,2960,0,3050,325.1
6146,2990,187790,20150630,3020,2985,0,3020,100.03
6207,3020,187790,20150701,3050,2970,0,3020,149.19
6403,3115,187790,20150702,3160,3010,0,3040,241.47
6711,3265,187790,20150703,3280,3080,0,3185,542.69
6680,3250,187790,20150706,3320,3170,0,3175,558.97
6413,3120,187790,20150707,3295,3060,0,3295,164.33
6372,3100,187790,20150708,3215,3030,0,3105,162.04
6351,3090,187790,20150709,3160,3020,0,3055,435.24
6361,3095,187790,20150710,3185,3050,0,3130,466.07
6413,3120,187790,20150713,3150,3080,0,3110,214.26
6433,3130,187790,20150714,3175,3080,0,3120,262.76
6495,3160,187790,20150715,3600,3110,0,3190,1752.6
6485,3155,187790,20150716,3205,3055,0,3200,424.45
6577,3200,187790,20150717,3240,3085,0,3165,411.09
6557,3190,187790,20150720,3210,3110,0,3200,422.93
6444,3135,187790,20150721,3190,3100,0,3190,176.28
6341,3085,187790,20150722,3155,3085,0,3130,159.55
6474,3150,187790,20150723,3150,3085,0,3090,103.52
6444,3135,187790,20150724,3170,3110,0,3150,112.06
6403,3115,187790,20150727,3165,3060,0,3130,163.24
6238,3035,187790,20150728,3130,3015,0,3080,236.72
6289,3060,187790,20150729,3120,3030,0,3120,82.82
6166,3000,187790,20150730,3060,2865,0,3060,344.45
6115,2975,187790,20150731,3000,2860,0,2990,55.83
5961,2900,187790,20150803,2960,2865,0,2900,63.59
6002,2920,187790,20150804,2930,2845,0,2845,39.7
5961,2900,187790,20150805,2920,2855,0,2920,42.82
5961,2900,187790,20150806,2950,2895,0,2900,27.23
5950,2895,187790,20150807,2900,2835,0,2900,66.41
5920,2880,187790,20150810,2890,2855,0,2860,18.6
5673,2760,187790,20150811,2880,2730,0,2880,186.84
5447,2650,187790,20150812,2760,2470,0,2760,336.81
5159,2510,187790,20150813,2605,2500,0,2600,125.28
5138,2500,187790,20150817,2595,2500,0,2560,83.42
5416,2635,187790,20150818,2730,2505,0,2520,299.87
5652,2750,187790,20150819,3185,2590,0,2665,1006.93
5580,2715,187790,20150820,2860,2695,0,2820,157.33
5241,2550,187790,20150821,2830,2535,0,2700,179.07
5334,2595,187790,20150824,2605,2300,0,2300,179.39
5231,2545,187790,20150825,2745,2495,0,2590,142.46
5508,2680,187790,20150826,2690,2495,0,2530,224.79
5724,2785,187790,20150827,2860,2745,0,2775,152.52
5508,2680,187790,20150828,2785,2640,0,2730,129.63
5354,2605,187790,20150831,2740,2590,0,2730,103.8
4789,2330,187790,20150901,2550,2250,0,2550,1141.7
4645,2260,187790,20150902,2355,2225,0,2330,250.47
4686,2280,187790,20150903,2445,2250,0,2345,341.59
4645,2260,187790,20150904,2330,2215,0,2285,150.74
4594,2235,187790,20150907,2260,2175,0,2255,160.59
4316,2100,187790,20150908,2290,2095,0,2250,214.96
4440,2160,187790,20150909,2270,1975,0,2130,562.84
4460,2170,187790,20150910,2240,2100,0,2160,183.15
4594,2235,187790,20150911,2260,2150,0,2230,158.28
4604,2240,187790,20150914,2330,2170,0,2235,122.68
4604,2240,187790,20150915,2295,2205,0,2290,118.04
4676,2275,187790,20150916,2320,2235,0,2280,39.89
4697,2285,187790,20150917,2320,2250,0,2275,71.98
4984,2425,187790,20150918,2475,2270,0,2295,228.89
4923,2395,187790,20150921,2455,2355,0,2430,71.98
5015,2440,187790,20150922,2450,2350,0,2450,68.24
4974,2420,187790,20150923,2470,2360,0,2445,88.51
5344,2600,187790,20150924,3080,2470,0,2490,1750.17
5426,2640,187790,20150925,2900,2570,0,2630,564.32
5159,2510,187790,20150930,2640,2495,0,2610,305.45
5262,2560,187790,20151001,2590,2455,0,2510,160.9
5169,2515,187790,20151002,2650,2505,0,2570,170.5
5262,2560,187790,20151005,2565,2460,0,2545,107.13
5272,2565,187790,20151006,2585,2470,0,2540,227.58
5334,2595,187790,20151007,2595,2495,0,2570,148.57
5303,2580,187790,20151008,2855,2580,0,2600,557.57
5272,2565,187790,20151012,2630,2540,0,2545,87.01
5221,2540,187790,20151013,2650,2490,0,2650,156.18
5539,2695,187790,20151014,2880,2540,0,2570,567.36
6053,2945,187790,20151015,2950,2660,0,2660,537.92
6310,3070,187790,20151016,3225,2960,0,2995,1523.03
6372,3100,187790,20151019,3110,2995,0,3105,331.64
6392,3110,187790,20151020,3170,2925,0,3150,639.39
6269,3050,187790,20151021,3165,3025,0,3165,247.56
5961,2900,187790,20151022,3050,2840,0,3010,463.22
5704,2775,187790,20151023,2930,2765,0,2920,215.73
5519,2685,187790,20151026,2890,2680,0,2735,318.54
5221,2540,187790,20151027,2700,2530,0,2680,403.37
5087,2475,187790,20151028,2535,2350,0,2475,816.85
5005,2435,187790,20151029,2520,2430,0,2450,159.6
4768,2320,187790,20151030,2435,2315,0,2415,385.33
4851,2360,187790,20151102,2435,2320,0,2320,156.48
5097,2480,187790,20151103,2545,2335,0,2340,207.93
5015,2440,187790,20151104,2530,2430,0,2530,119.03
4974,2420,187790,20151105,2490,2360,0,2490,157.94
5128,2495,187790,20151106,2625,2325,0,2440,238.39
4635,2255,187790,20151109,2470,2210,0,2450,434.87
4953,2410,187790,20151110,2580,2215,0,2255,490.44
4892,2380,187790,20151111,2505,2280,0,2410,305.82
4810,2340,187790,20151112,2415,2270,0,2415,186.94
4707,2290,187790,20151113,2300,2250,0,2290,114.84
4604,2240,187790,20151116,2310,2120,0,2120,89.29
4584,2230,187790,20151117,2285,2180,0,2200,150.43
4542,2210,187790,20151118,2230,2135,0,2230,196.23
4522,2200,187790,20151119,2220,2155,0,2195,71.76
4532,2205,187790,20151120,2240,2180,0,2240,48.82
4594,2235,187790,20151123,2300,2195,0,2235,58.21
4645,2260,187790,20151124,2305,2235,0,2235,70.39
4635,2255,187790,20151125,2285,2210,0,2285,66.21
4686,2280,187790,20151126,2285,2200,0,2240,106.64
4727,2300,187790,20151127,2320,2265,0,2285,103.79
4727,2300,187790,20151130,2315,2260,0,2315,123.18
4522,2200,187790,20151201,2295,2200,0,2285,151.68
4584,2230,187790,20151202,2260,2190,0,2210,61.18
4470,2175,187790,20151203,2255,2155,0,2255,80.14
4450,2165,187790,20151204,2220,2150,0,2180,53.23
4316,2100,187790,20151207,2185,2090,0,2185,111.11
4100,1995,187790,20151208,2100,1980,0,2100,268.94
3885,1890,187790,20151209,2030,1890,0,1995,199.99
3443,1675,187790,20151210,1880,1640,0,1780,705.73
3669,1785,187790,20151211,1915,1640,0,1675,377.46
3720,1810,187790,20151214,1870,1720,0,1785,96.65
3566,1735,187790,20151215,1815,1710,0,1800,129.09
3453,1680,187790,20151216,1750,1650,0,1735,169.41
3525,1715,187790,20151217,1730,1655,0,1715,112.23
3535,1720,187790,20151218,1720,1660,0,1680,88.19
3525,1715,187790,20151221,1715,1665,0,1705,134.34
3669,1785,187790,20151222,1835,1705,0,1740,172.6
3731,1815,187790,20151223,1850,1745,0,1750,175.35
3731,1815,187790,20151224,1840,1755,0,1830,70.12
3546,1725,187790,20151228,1815,1720,0,1815,98.47
3546,1725,187790,20151229,1765,1705,0,1705,45.93
3587,1745,187790,20151230,1790,1720,0,1730,49.7
3833,1865,187790,20160104,2080,1785,0,1800,906.47
3720,1810,187790,20160105,1895,1780,0,1855,657.36
3987,1940,187790,20160106,1945,1825,0,1875,684.22
3885,1890,187790,20160107,1950,1850,0,1940,266.99
3936,1915,187790,20160108,1915,1825,0,1890,174.15
3802,1850,187790,20160111,1925,1850,0,1925,93.51
3792,1845,187790,20160112,1905,1810,0,1890,103.94
3731,1815,187790,20160113,1900,1815,0,1840,109.41
3576,1740,187790,20160114,1830,1740,0,1805,184.13
3535,1720,187790,20160115,1780,1705,0,1775,187.1
3371,1640,187790,20160118,1790,1630,0,1790,255.03
3381,1645,187790,20160119,1760,1630,0,1660,337.48
3186,1550,187790,20160120,1680,1540,0,1675,220.1
3165,1540,187790,20160121,1600,1500,0,1520,138.5
3206,1560,187790,20160122,1605,1530,0,1530,63.88
3248,1580,187790,20160125,1645,1560,0,1560,92.68
3319,1615,187790,20160126,1630,1565,0,1585,68.47
3309,1610,187790,20160127,1645,1595,0,1640,51.91
3206,1560,187790,20160128,1600,1520,0,1600,209.21
3176,1545,187790,20160129,1575,1520,0,1550,103.18
3196,1555,187790,20160201,1600,1510,0,1575,201.72
3217,1565,187790,20160202,1790,1550,0,1790,1358.85
3114,1515,187790,20160203,1580,1505,0,1575,233.96
3186,1550,187790,20160204,1615,1505,0,1520,439.62
3176,1545,187790,20160205,1575,1530,0,1540,180.12
3042,1480,187790,20160211,1520,1475,0,1505,173.24
2795,1360,187790,20160212,1480,1355,0,1450,449.62
2836,1380,187790,20160215,1430,1350,0,1370,114.05
2857,1390,187790,20160216,1455,1380,0,1400,168.19
2806,1365,187790,20160217,1430,1300,0,1400,383.47
2785,1355,187790,20160218,1390,1315,0,1375,372.3
2785,1355,187790,20160219,1380,1335,0,1335,77.14
2816,1370,187790,20160222,1435,1335,0,1350,222.63
2991,1455,187790,20160223,1720,1400,0,1400,5393.9
2960,1440,187790,20160224,1520,1440,0,1480,1006.55
2908,1415,187790,20160225,1475,1415,0,1460,495.89
2949,1435,187790,20160226,1445,1400,0,1415,331.39
3299,1605,187790,20160229,1800,1440,0,1455,11344.62
3391,1650,187790,20160302,1740,1550,0,1550,2842.53
3350,1630,187790,20160303,1690,1610,0,1655,880.67
3546,1725,187790,20160304,1930,1615,0,1625,5197.72
3535,1720,187790,20160307,1820,1700,0,1720,1249.48
3422,1665,187790,20160308,1740,1640,0,1720,754.39
3463,1685,187790,20160309,1705,1665,0,1665,306
3515,1710,187790,20160310,1765,1690,0,1690,626.24
3525,1715,187790,20160311,1735,1685,0,1715,319.95
3515,1710,187790,20160314,1730,1690,0,1725,253.26
3525,1715,187790,20160315,1810,1695,0,1720,618.34
3432,1670,187790,20160316,1730,1655,0,1710,380.47
3432,1670,187790,20160317,1695,1645,0,1655,219.96
3525,1715,187790,20160318,1730,1680,0,1720,242.64
3535,1720,187790,20160321,1730,1685,0,1730,205.09
3504,1705,187790,20160322,1725,1685,0,1720,176.82
3638,1770,187790,20160323,1810,1685,0,1700,775.8
3546,1725,187790,20160324,1770,1725,0,1755,285.92
3494,1700,187790,20160325,1745,1700,0,1745,200.59
3484,1695,187790,20160328,1725,1685,0,1710,172.91
3515,1710,187790,20160329,1730,1690,0,1705,178.42
3484,1695,187790,20160330,1730,1670,0,1730,221.8
4059,1975,187790,20160331,2145,1745,0,1750,13931.37
3854,1875,187790,20160401,2030,1820,0,1955,3522.09
4090,1990,187790,20160404,2065,1860,0,1890,4125.96
4265,2075,187790,20160405,2155,1965,0,1990,3843.33
4183,2035,187790,20160406,2080,2015,0,2075,807.21
3998,1945,187790,20160407,2055,1930,0,2055,898.61
4100,1995,187790,20160408,2090,1890,0,1945,1609.7
4029,1960,187790,20160411,2050,1960,0,2025,420.81
4100,1995,187790,20160412,2035,1935,0,1960,461.4
4131,2010,187790,20160414,2115,1995,0,2000,671.19
4049,1970,187790,20160415,2035,1960,0,2000,340.22
3987,1940,187790,20160418,1980,1940,0,1980,280.36
3987,1940,187790,20160419,1980,1920,0,1945,227.58
3916,1905,187790,20160420,1970,1900,0,1940,292.93
3916,1905,187790,20160421,1950,1865,0,1905,318.67
3895,1895,187790,20160422,1945,1895,0,1930,198.15
3957,1925,187790,20160425,1940,1890,0,1900,202.99
4111,2000,187790,20160426,2065,1930,0,1940,1186.84
4039,1965,187790,20160427,2005,1965,0,2005,277.52
4244,2065,187790,20160428,2135,1970,0,1990,1854.27
4203,2045,187790,20160429,2075,2005,0,2030,363.38
4059,1975,187790,20160502,2055,1970,0,2040,305.78
3987,1940,187790,20160503,1990,1910,0,1965,359.38
3967,1930,187790,20160504,1955,1915,0,1920,184.39
4049,1970,187790,20160509,1975,1915,0,1915,102.11
4121,2005,187790,20160510,2045,1925,0,1975,292.25
4152,2020,187790,20160511,2050,1995,0,2030,311.81
4121,2005,187790,20160512,2065,1990,0,2030,186.83
4080,1985,187790,20160513,2030,1960,0,2030,185.01
4070,1980,187790,20160516,1995,1940,6.3,1985,132.15
4080,1985,187790,20160517,2010,1955,8.59,2010,142.32
3987,1940,187790,20160518,2000,1900,3.43,1995,247.65
3854,1875,187790,20160519,1930,1870,3.31,1915,189.74
3813,1855,187790,20160520,1920,1800,0,1845,186.84
3864,1880,187790,20160523,1915,1850,0.42,1860,101.1
3782,1840,187790,20160524,1930,1830,1.84,1880,196.63
3617,1760,187790,20160525,1875,1750,1.56,1830,282.79
3628,1765,187790,20160526,1805,1750,0,1755,177.86
3700,1800,187790,20160527,1820,1745,0.19,1745,102.6
3731,1815,187790,20160530,1845,1800,1.16,1830,97.32
4409,2145,187790,20160531,2355,1805,8.71,1815,13598.08
4995,2430,187790,20160601,2785,2300,59.52,2345,21590.33
5056,2460,187790,20160602,2565,2335,3.89,2500,5232.25
4995,2430,187790,20160603,2945,2405,0.11,2700,9686.14
5056,2460,187790,20160607,2460,2240,0.09,2380,2695.76
5262,2560,187790,20160608,2855,2410,2.59,2475,8473.53
5313,2585,187790,20160609,2640,2475,0,2550,2089.81
5437,2645,187790,20160610,2795,2550,3.88,2605,4108.82
5344,2600,187790,20160613,2720,2540,79.82,2665,2020.46
4933,2400,187790,20160614,2690,2400,0.05,2545,2959.41
4727,2300,187790,20160615,2410,2270,0,2385,1401.05
4614,2245,187790,20160616,2320,2190,0,2285,1109.7
4584,2230,187790,20160617,2340,2170,16.43,2245,1598.17
4666,2270,187790,20160620,2310,2225,0.45,2250,544.78
4553,2215,187790,20160621,2305,2195,0,2300,734.35
4470,2175,187790,20160622,2260,2145,0,2200,640.67
4378,2130,187790,20160623,2200,2100,0,2160,606.36
4049,1970,187790,20160624,2155,1900,0,2150,928.13
4142,2015,187790,20160627,2040,1905,0,1915,594.39
4337,2110,187790,20160628,2135,1985,7.25,2010,554.86
4306,2095,187790,20160629,2155,2095,0.83,2140,510.23
5591,2720,187790,20160630,2720,2185,29.02,2200,22083.16
5580,2715,187790,20160701,2930,2600,1.5,2825,14488.88
5714,2780,187790,20160704,2800,2670,0.01,2725,4950.63
5529,2690,187790,20160705,2810,2650,0.01,2780,2907.74
5385,2620,187790,20160706,2745,2600,0.01,2660,1556.19
5416,2635,187790,20160707,2710,2615,0,2645,1396.05
5252,2555,187790,20160708,2705,2530,0,2650,1227.05
5077,2470,187790,20160711,2590,2440,0,2575,909.51
5169,2515,187790,20160712,2515,2395,3.15,2480,767.2
5067,2465,187790,20160713,2590,2460,2.8,2500,718.95
4984,2425,187790,20160714,2460,2380,0.06,2440,537.8
4902,2385,187790,20160715,2440,2385,0,2425,391.82
4779,2325,187790,20160718,2400,2310,0,2395,403.09
4717,2295,187790,20160719,2435,2280,0,2320,1163.97
4768,2320,187790,20160720,2350,2285,0.47,2325,489.81
4974,2420,187790,20160721,2475,2345,4.72,2370,1017.37
4995,2430,187790,20160722,2475,2360,1.9,2420,697.75
5067,2465,187790,20160725,2495,2400,1.02,2490,668.82
4933,2400,187790,20160726,2460,2385,0,2460,340.19
4738,2305,187790,20160727,2420,2305,1.83,2405,428.15
4748,2310,187790,20160728,2365,2285,9.83,2365,243.79
4892,2380,187790,20160729,2400,2290,20.17,2325,495
4974,2420,187790,20160801,2440,2370,1.57,2400,427.22
5097,2480,187790,20160802,2600,2370,6.27,2420,2237.78
5550,2700,187790,20160803,2700,2440,30.57,2500,3427.68
5580,2715,187790,20160804,2780,2640,26.35,2765,2252.39
5395,2625,187790,20160805,2755,2560,3.44,2700,1853.44
5036,2450,187790,20160808,2665,2450,0.88,2665,1087.4
4943,2405,187790,20160809,2485,2390,2.87,2405,536.44
4943,2405,187790,20160810,2435,2365,0.6,2405,450.44
5149,2505,187790,20160811,2550,2405,0.43,2435,524.03
5210,2535,187790,20160812,2565,2480,0.32,2550,515.84
4820,2345,187790,20160816,2550,2300,4.74,2530,962.39
4676,2275,187790,20160817,2340,2240,1.34,2335,937.55
4789,2330,187790,20160818,2395,2285,0.32,2295,495.94
4768,2320,187790,20160819,2345,2295,0.21,2335,222.6
4758,2315,187790,20160822,2350,2280,0.14,2340,225.81
4717,2295,187790,20160823,2340,2280,0.1,2300,183.16
4645,2260,187790,20160824,2315,2255,0.07,2280,187.44
4655,2265,187790,20160825,2335,2220,0.05,2275,193.2
4604,2240,187790,20160826,2265,2195,2.67,2250,356.81
4368,2125,187790,20160829,2240,2125,0.18,2210,259.53
4553,2215,187790,20160830,2290,1920,0.18,2120,688.51
4491,2185,187790,20160831,2265,2170,0.06,2215,146.63
4645,2260,187790,20160901,2260,2170,0.14,2185,284.39
4625,2250,187790,20160902,2310,2220,0.11,2260,344.21
4625,2250,187790,20160905,2310,2250,0.59,2300,154.22
4666,2270,187790,20160906,2315,2225,0.07,2285,240.42
4563,2220,187790,20160907,2345,2220,0.53,2305,272.31
4357,2120,187790,20160908,2225,2060,0.04,2225,405.64
4306,2095,187790,20160909,2145,2025,0.04,2145,273.11
4244,2065,187790,20160912,2070,2020,0.11,2030,196.98
4337,2110,187790,20160913,2145,2055,0.9,2055,97.42
4337,2110,187790,20160919,2150,2080,0,2115,120.98
4368,2125,187790,20160920,2145,2085,0,2135,103.14
4368,2125,187790,20160921,2140,2095,0,2110,125.21
4388,2135,187790,20160922,2145,2100,0,2130,139.07
4327,2105,187790,20160923,2160,2095,0,2135,142.52
5210,2535,187790,20160926,2535,2090,17.68,2095,4783.8
5190,2525,187790,20160927,2815,2420,45.29,2735,10859.32
5190,2525,187790,20160928,2700,2525,3.27,2555,3668.85
5128,2495,187790,20160929,2625,2450,0.39,2565,1565.8
4974,2420,187790,20160930,2475,2360,7.57,2450,905.26
6464,3145,187790,20161004,3145,2530,38.45,2550,25536.34
6639,3230,187790,20161005,3290,3030,0.04,3215,20581.44
6608,3215,187790,20161006,3260,3010,0.1,3075,7878.37
6135,2985,187790,20161007,3365,2960,0.01,3240,5800.01
6341,3085,187790,20161010,3115,2825,8.91,2845,2984.3
6495,3160,187790,20161011,3230,2960,15.25,3030,2753.17
6557,3190,187790,20161012,3270,3105,5.91,3115,2894.66
6403,3115,187790,20161013,3250,3070,0.27,3190,1453.26
6731,3275,187790,20161014,3375,3095,7.48,3130,4147.65
6629,3225,187790,20161017,3525,3225,2.76,3275,4006.24
6433,3130,187790,20161018,3270,3105,0.56,3225,1239.92
6474,3150,187790,20161019,3195,3050,0.77,3150,767.39
6331,3080,187790,20161020,3190,3045,0.66,3130,627.37
5755,2800,187790,20161021,3065,2755,1.07,3030,2846.85
5519,2685,187790,20161024,2905,2645,0.2,2805,1818.39
5550,2700,187790,20161025,2890,2670,17.42,2700,2586.35
5745,2795,187790,20161026,2940,2545,25.11,2700,1783.81
5796,2820,187790,20161027,2890,2755,20.05,2765,951.9
5858,2850,187790,20161028,2920,2790,29.63,2820,1020.61
6053,2945,187790,20161031,2975,2835,25.69,2880,1217.88
6176,3005,187790,20161101,3005,2875,16.82,2945,961
5550,2700,187790,20161102,2935,2670,0.02,2920,1219.76
5478,2665,187790,20161103,2900,2550,0.01,2655,1325.55
5221,2540,187790,20161104,2750,2475,0.01,2700,1874.96
5354,2605,187790,20161107,2695,2525,0.01,2540,1097.61
5426,2640,187790,20161108,2650,2585,0.01,2620,409.81
4851,2360,187790,20161109,2640,2180,0.01,2600,1823.41
4984,2425,187790,20161110,2485,2385,0,2400,937.23
5138,2500,187790,20161111,2600,2415,14.12,2415,1160.19
4964,2415,187790,20161114,2505,2405,0.93,2465,585.61
4810,2340,187790,20161115,2490,2315,0.9,2415,488.3
4851,2360,187790,20161116,2415,2335,0,2355,331.7
5056,2460,187790,20161117,2560,2360,7.41,2410,1223.41
4912,2390,187790,20161118,2530,2390,8.96,2510,518.87
4655,2265,187790,20161121,2400,2240,2.51,2400,668.24
4512,2195,187790,20161122,2360,2180,0,2280,650.78
4440,2160,187790,20161123,2250,2105,0.84,2240,556.55
4316,2100,187790,20161124,2250,2075,0,2165,404.77
3515,1710,187790,20161125,1765,1530,0,1630,4147.14
3299,1605,187790,20161128,1745,1605,16.46,1740,1260.46
3412,1660,187790,20161129,1710,1600,6.69,1605,1654.57
3484,1695,187790,20161130,1715,1635,0,1650,532.62
3402,1655,187790,20161201,1680,1640,0,1665,408.6
3289,1600,187790,20161202,1660,1590,0,1655,582.8
3217,1565,187790,20161205,1595,1540,0,1570,456.45
3289,1600,187790,20161206,1645,1570,0,1580,345.83
3186,1550,187790,20161207,1790,1550,13.42,1630,1815.04
3124,1520,187790,20161208,1545,1470,0,1520,1130.69
3206,1560,187790,20161209,1580,1455,0,1520,1053.46
3289,1600,187790,20161212,1620,1530,0,1560,728.56
3289,1600,187790,20161213,1630,1565,0,1630,418.51
3299,1605,187790,20161214,1730,1595,0,1620,1528.47
3432,1670,187790,20161215,1680,1600,0,1610,821.52
3761,1830,187790,20161216,2160,1675,1.5,1680,18278.71
4111,2000,187790,20161219,2180,1830,0.38,1860,9215.73
4625,2250,187790,20161220,2465,2010,0.09,2045,16347.56
4378,2130,187790,20161221,2330,2080,0.02,2330,3713.73
4183,2035,187790,20161222,2140,1965,0.01,2140,4436.99
4417,1980,187790,20161223,2215,1925,4,1940,9027.36
4495,2015,187790,20161226,2240,1865,0,2000,6548.19
4406,1975,187790,20161227,2130,1975,3,2015,1683.76
4417,1980,187790,20161228,2080,1970,0,2080,803.55
4283,1920,187790,20161229,2025,1910,0,2025,863.86
4127,1850,187790,20170102,1980,1795,59.83,1980,1168.74
4305,1930,187790,20170103,1985,1845,7.82,1885,1125.24
4361,1955,187790,20170104,2025,1900,17.28,1935,1382.6
4372,1960,187790,20170105,2015,1930,4.21,1995,856.14
4350,1950,187790,20170106,1980,1925,6.71,1965,531.02
4395,1970,187790,20170109,1975,1900,20.73,1950,605.68
4272,1915,187790,20170110,1975,1910,15.76,1970,448.14
4060,1820,187790,20170111,1900,1815,38.57,1875,1030.4
4071,1825,187790,20170112,1860,1785,8.28,1820,606.66
4038,1810,187790,20170113,1840,1795,8.03,1825,363.9
4071,1825,187790,20170116,1840,1765,18,1805,510.19
4216,1890,187790,20170117,1980,1810,14,1830,1711.35
4216,1890,187790,20170118,1905,1850,0,1900,418.59
4149,1860,187790,20170119,1910,1855,0,1905,340.11
3937,1765,187790,20170120,1860,1765,20,1850,603.33
3670,1645,187790,20170123,1755,1640,38.55,1720,701.65
3658,1640,187790,20170124,1740,1620,4.55,1645,581.58
3569,1600,187790,20170125,1695,1600,5.98,1650,262.29
3703,1660,187790,20170126,1675,1600,3,1610,323.96
3658,1640,187790,20170131,1690,1635,1.03,1685,236.78
3848,1725,187790,20170201,1775,1650,21.09,1650,1014.38
3714,1665,187790,20170202,1745,1605,4.97,1620,933.48
3636,1630,187790,20170203,1690,1610,2.33,1665,360.58
3614,1620,187790,20170206,1665,1595,1.28,1630,240.73
3569,1600,187790,20170207,1620,1575,1.39,1615,352.07
3480,1560,187790,20170208,1630,1550,0.39,1620,412.59
3547,1590,187790,20170209,1595,1520,15.5,1560,340.83
3670,1645,187790,20170210,1720,1595,63.92,1605,1393.06
3536,1585,187790,20170213,1655,1585,29.3,1650,378.53
3491,1565,187790,20170214,1585,1520,0.01,1520,1492.07
3502,1570,187790,20170215,1615,1555,0,1555,685.98
3603,1615,187790,20170216,1685,1535,23.54,1580,2434.77
3569,1600,187790,20170217,1645,1590,17.55,1600,665.33
3737,1675,187790,20170220,1685,1610,12.49,1620,1154.21
3725,1670,187790,20170221,1700,1655,22.01,1695,545.05
3725,1670,187790,20170222,1705,1655,12.17,1670,541.89
3625,1625,187790,20170223,1680,1615,8.17,1660,430.4
3569,1600,187790,20170224,1660,1595,0.23,1605,493.29
3558,1595,187790,20170227,1615,1570,0.34,1600,437.59
3614,1620,187790,20170228,1640,1580,2.66,1615,299.93
3491,1565,187790,20170302,1600,1530,5.97,1590,796.59
3402,1525,187790,20170303,1570,1490,5.93,1545,591.18
3335,1495,187790,20170306,1525,1455,0,1505,289.05
3380,1515,187790,20170307,1520,1455,3.25,1500,463.72
3335,1495,187790,20170308,1540,1490,0.04,1520,212.67
3458,1550,187790,20170309,1580,1500,1.27,1525,482.52
3480,1560,187790,20170310,1685,1525,7.44,1630,1886.25
3558,1595,187790,20170313,1610,1545,0,1565,499.65
3625,1625,187790,20170314,1645,1585,10.31,1620,1159.33
3525,1580,187790,20170315,1645,1575,7.42,1625,411.22
3603,1615,187790,20170316,1670,1580,5.44,1580,898.08
3603,1615,187790,20170317,1650,1605,4.61,1630,539.73
3603,1615,187790,20170320,1650,1605,4.14,1640,545.13
3558,1595,187790,20170321,1630,1585,2.43,1615,404.83
3458,1550,187790,20170322,1595,1530,3.37,1575,572.56
3614,1620,187790,20170323,1635,1520,30.6,1540,1762.7
3580,1605,187790,20170324,1635,1580,10.55,1635,490.87
3547,1590,187790,20170327,1650,1580,8.07,1600,668.29
4160,1865,187790,20170328,1865,1560,21.55,1590,8194.46
3993,1790,187790,20170329,1985,1760,4.1,1805,9526.7
4138,1855,187790,20170330,1930,1800,2.81,1845,5376.67
4283,1920,187790,20170331,1965,1815,1.88,1860,4213.95
4506,2020,187790,20170403,2100,1920,0.96,1970,5783.16
4417,1980,187790,20170404,2090,1865,7.75,2070,4343.54
4216,1890,187790,20170405,2005,1865,0.56,2000,2127.59
4238,1900,187790,20170406,1975,1860,0.24,1905,2246.66
4294,1925,187790,20170407,1965,1830,0.18,1885,2446.39
4372,1960,187790,20170410,2390,1915,0.16,2385,19749.1
4160,1865,187790,20170411,1980,1765,0.13,1945,4253.95
4015,1800,187790,20170412,1880,1790,0.1,1880,1743.13
4093,1835,187790,20170413,1950,1800,3.75,1830,7196.69
3904,1750,187790,20170414,1830,1740,0,1830,2323.8
3837,1720,187790,20170417,1760,1695,0,1760,1266.28
4038,1810,187790,20170418,1995,1760,39.2,1835,18334.5
3960,1775,187790,20170419,1870,1750,0.01,1835,3123.06
3882,1740,187790,20170420,1785,1720,0.02,1780,1846.4
3859,1730,187790,20170421,1755,1720,4.79,1755,771.63
3748,1680,187790,20170424,1750,1620,4.61,1730,1679.14
3703,1660,187790,20170425,1710,1640,1.94,1665,679.63
3625,1625,187790,20170426,1675,1620,2.53,1660,808.94
3658,1640,187790,20170427,1685,1605,0.71,1640,1015.9
3614,1620,187790,20170428,1715,1600,0.24,1640,1319.34
3536,1585,187790,20170502,1650,1585,0.21,1630,706.43
3547,1590,187790,20170504,1600,1560,0.28,1565,446.28
3647,1635,187790,20170508,1735,1625,4.28,1670,3725.28
3592,1610,187790,20170510,1645,1595,0.08,1645,813.16
3670,1645,187790,20170511,1650,1580,0,1600,946.08
3703,1660,187790,20170512,1665,1615,0.08,1645,694.68
3937,1765,187790,20170515,1780,1630,14.94,1665,3333.57
3893,1745,187790,20170516,1835,1720,0.1,1805,2520.31
3770,1690,187790,20170517,1770,1680,77.57,1750,1099.6
3714,1665,187790,20170518,1690,1625,5.52,1690,721.51
3681,1650,187790,20170519,1690,1630,0,1640,753.2
3670,1645,187790,20170522,1715,1645,0.78,1695,852.04
3714,1665,187790,20170523,1665,1630,0.01,1645,461.08
3603,1615,187790,20170524,1670,1615,0.01,1665,819.97
3536,1585,187790,20170525,1625,1580,0.05,1615,602.59
3625,1625,187790,20170526,1655,1560,0.01,1575,1611.44
3614,1620,187790,20170529,1655,1600,0.03,1630,550.29
3614,1620,187790,20170530,1630,1605,1.13,1620,302.27
3592,1610,187790,20170531,1625,1585,12.71,1610,372.55
3603,1615,187790,20170601,1615,1590,0.15,1610,357.8
3580,1605,187790,20170602,1630,1600,9.81,1600,383.08
3703,1660,187790,20170605,1685,1620,7.14,1620,970.88
3636,1630,187790,20170607,1675,1615,1.43,1665,369.26
3525,1580,187790,20170608,1630,1575,0.89,1625,822.6
3447,1545,187790,20170609,1600,1480,0.62,1555,888.49
3302,1480,187790,20170612,1525,1470,0.48,1525,866.62
3313,1485,187790,20170613,1530,1455,0.31,1480,423.12
3290,1475,187790,20170614,1500,1455,0.23,1485,480.53
3235,1450,187790,20170615,1480,1450,4.97,1460,424.22
3279,1470,187790,20170616,1525,1450,28.9,1450,866.65
3190,1430,187790,20170619,1470,1425,1.42,1465,657.86
3101,1390,187790,20170620,1445,1380,3,1430,580.79
3045,1365,187790,20170621,1395,1355,3.2,1390,344.45
3078,1380,187790,20170622,1405,1345,0,1355,458.28
3056,1370,187790,20170623,1395,1355,10.12,1370,332.3
3034,1360,187790,20170626,1410,1355,5.25,1380,365.16
3056,1370,187790,20170627,1370,1305,17.72,1340,622.69
2989,1340,187790,20170628,1370,1335,1.32,1370,235.3
2989,1340,187790,20170629,1350,1315,0,1340,285.85
2967,1330,187790,20170630,1350,1315,0.99,1320,246.71
2933,1315,187790,20170703,1330,1310,0,1320,212.64
2800,1255,187790,20170704,1305,1255,0,1290,733.92
2855,1280,187790,20170705,1290,1250,0,1255,223.56
2878,1290,187790,20170706,1295,1270,0,1295,231.02
2855,1280,187790,20170707,1290,1265,0,1290,277.91
2822,1265,187790,20170710,1295,1260,0,1295,141.08
2755,1235,187790,20170711,1270,1230,0,1250,300.59
2822,1265,187790,20170712,1370,1220,31.48,1235,2768.42
2833,1270,187790,20170713,1290,1245,0,1270,372.36
2833,1270,187790,20170714,1290,1245,0,1265,251.24
2967,1330,187790,20170717,1360,1245,6.18,1270,901.74
3078,1380,187790,20170718,1385,1315,22.37,1340,742.54
3067,1375,187790,20170719,1410,1365,13.09,1385,379.06
3078,1380,187790,20170720,1395,1375,1.2,1380,321.48
3090,1385,187790,20170721,1390,1360,0,1380,155.78
3101,1390,187790,20170724,1400,1375,3.09,1400,148.35
3067,1375,187790,20170725,1405,1370,3.3,1395,232.95
2933,1315,187790,20170726,1375,1300,6.81,1375,300.61
3190,1430,187790,20170727,1445,1270,16.11,1295,1362.02
3168,1420,187790,20170728,1470,1370,36.52,1430,917.06
3101,1390,187790,20170731,1440,1365,14.54,1420,315.34
3078,1380,187790,20170801,1410,1370,5.54,1390,117.57
3090,1385,187790,20170802,1390,1360,2.53,1380,58.07
3034,1360,187790,20170803,1380,1320,17.73,1380,300.77
2922,1310,187790,20170804,1350,1275,11.96,1330,265.66
2922,1310,187790,20170807,1340,1280,0.64,1315,103
2900,1300,187790,20170808,1330,1285,1.47,1330,150.47
2867,1285,187790,20170809,1335,1280,13.22,1335,250.04
2811,1260,187790,20170810,1300,1245,3.43,1285,264.42
2766,1240,187790,20170811,1255,1210,14.12,1245,374.2
2844,1275,187790,20170814,1370,1220,36.85,1220,1041.69
2867,1285,187790,20170816,1325,1280,3.19,1280,270.35
2878,1290,187790,20170817,1300,1265,3.81,1285,138.27
2844,1275,187790,20170818,1305,1265,4.73,1290,250.26
2900,1300,187790,20170821,1300,1265,0.39,1285,137.53
2833,1270,187790,20170822,1305,1270,2.23,1305,188.3
2811,1260,187790,20170823,1290,1260,0.85,1270,149.78
2800,1255,187790,20170824,1300,1245,4.74,1270,469.81
2900,1300,187790,20170825,1340,1255,12.49,1255,1392.88
2855,1280,187790,20170828,1315,1275,0.04,1300,247.04
2945,1320,187790,20170829,1425,1260,16.33,1270,3536.68
2911,1305,187790,20170830,1330,1290,4.77,1320,403.64
2911,1305,187790,20170831,1320,1285,1.54,1300,321.76
2945,1320,187790,20170901,1320,1285,0.61,1315,341.23
2867,1285,187790,20170904,1300,1265,0.42,1270,315.56
2844,1275,187790,20170905,1300,1260,1.3,1295,237.18
2844,1275,187790,20170906,1285,1260,0.9,1285,137.17
2867,1285,187790,20170907,1300,1255,0.27,1280,286.75
2855,1280,187790,20170908,1295,1270,1.2,1295,286.58
3000,1345,187790,20170911,1365,1280,3.34,1300,1580.07
3123,1400,187790,20170912,1440,1355,13.06,1355,2508.02
3067,1375,187790,20170913,1420,1365,4.46,1400,533.15
3246,1455,187790,20170914,1480,1350,6.4,1375,2123.9
3290,1475,187790,20170915,1480,1435,4.4,1450,690.44
3268,1465,187790,20170918,1495,1425,3.26,1490,560.62
3290,1475,187790,20170919,1485,1375,4.63,1460,815.35
3201,1435,187790,20170920,1490,1400,1.17,1490,571.45
3090,1385,187790,20170921,1450,1385,0.58,1435,424.38
3023,1355,187790,20170922,1430,1350,2.26,1370,366.63
3179,1425,187790,20170925,1445,1340,1.26,1345,829.77
3078,1380,187790,20170926,1425,1360,0.8,1425,563.65
3056,1370,187790,20170927,1430,1370,0.41,1375,487.97
3056,1370,187790,20170928,1395,1345,0.2,1380,302.61
3023,1355,187790,20170929,1380,1350,0.1,1365,207.52
2945,1320,187790,20171010,1365,1300,0,1350,508.84
2989,1340,187790,20171011,1340,1305,0,1330,174.24
2933,1315,187790,20171012,1340,1310,0.36,1340,184.66
2911,1305,187790,20171013,1330,1295,0,1325,269.67
2911,1305,187790,20171016,1320,1295,0.4,1310,137.9
2945,1320,187790,20171017,1340,1295,0,1300,263.89
2800,1255,187790,20171018,1400,1230,31.54,1310,3452.88
2788,1250,187790,20171019,1270,1245,0,1255,231.14
2800,1255,187790,20171020,1275,1240,0.08,1240,237.76
2788,1250,187790,20171023,1270,1245,0.05,1270,149
2811,1260,187790,20171024,1270,1245,0,1265,299.51
2844,1275,187790,20171025,1280,1245,0,1260,260.72
2811,1260,187790,20171026,1290,1255,0.6,1290,226.13
2844,1275,187790,20171027,1285,1250,0,1255,237.99
2822,1265,187790,20171030,1280,1250,1.15,1270,251.3
2822,1265,187790,20171031,1285,1250,0.27,1265,374.82
2844,1275,187790,20171101,1280,1260,0.81,1260,244.14
2833,1270,187790,20171102,1280,1255,0.2,1275,438.25
2833,1270,187790,20171103,1280,1255,0.67,1270,326.38
2900,1300,187790,20171106,1305,1265,0.29,1270,401
2855,1280,187790,20171107,1310,1280,0.46,1300,314.77
2889,1295,187790,20171108,1305,1275,0.33,1280,298.96
2833,1270,187790,20171109,1305,1265,0.21,1305,455.04
2855,1280,187790,20171110,1285,1260,0.38,1275,299.16
2967,1330,187790,20171113,1375,1270,36.55,1295,2200.7
2945,1320,187790,20171114,1365,1295,1.05,1360,660.25
2822,1265,187790,20171115,1320,1260,12.41,1320,849.53
2844,1275,187790,20171116,1280,1240,1.85,1255,477.7
2788,1250,187790,20171117,1275,1240,0.17,1275,572.29
2800,1255,187790,20171120,1260,1235,0,1250,385.34
2766,1240,187790,20171121,1260,1220,5,1250,704.82
2688,1205,187790,20171122,1240,1205,3.1,1235,534.13
2710,1215,187790,20171123,1255,1205,1.4,1215,342.75
2755,1235,187790,20171124,1250,1210,2.47,1220,312.32
2733,1225,187790,20171127,1245,1220,0.31,1235,157.36
2733,1225,187790,20171128,1235,1215,0.04,1230,222.18
2710,1215,187790,20171129,1230,1210,0.07,1230,240.02
2677,1200,187790,20171130,1215,1195,1.37,1210,342.82
2677,1200,187790,20171201,1220,1195,0.59,1200,188.97
2688,1205,187790,20171204,1230,1190,5.16,1230,284
2710,1215,187790,20171205,1215,1195,2.73,1205,205.34
2666,1195,187790,20171206,1215,1195,5.46,1210,250.49
2521,1130,187790,20171207,1205,1130,3.83,1195,888.95
2476,1110,187790,20171208,1140,1105,0,1130,487.85
2476,1110,187790,20171211,1125,1100,2.75,1115,293.77
2476,1110,187790,20171212,1140,1110,5.62,1115,289.82
2465,1105,187790,20171213,1115,1100,0,1110,229.4
2476,1110,187790,20171214,1110,1095,0.73,1105,188.76
2655,1190,187790,20171215,1245,1085,40.94,1105,6193.84
2554,1145,187790,20171218,1180,1145,0,1170,750.9
2521,1130,187790,20171219,1165,1105,1.2,1160,705.84
2465,1105,187790,20171220,1145,1095,0,1130,400.81
2331,1045,187790,20171221,1110,1040,6.57,1090,545.45
2242,1005,187790,20171222,1050,1000,3.51,1040,587.93
2137,958,187790,20171226,1030,958,1.57,1010,600.97
2253,1010,187790,20171227,1010,943,0.95,958,377.34
2231,1000,187790,20171228,1020,985,1.78,1005,229.42
2320,1040,187790,20180102,1060,998,1.44,998,300.51
2398,1075,187790,20180103,1095,1045,0,1050,523.94
2409,1080,187790,20180104,1095,1065,0,1085,222.75
2398,1075,187790,20180105,1090,1060,0,1090,166.78
2320,1040,187790,20180108,1080,1025,0,1080,357.54
2398,1075,187790,20180109,1170,1030,53.33,1055,1693.33
2454,1100,187790,20180110,1105,1080,0,1090,276.37
2476,1110,187790,20180111,1125,1080,0,1100,331.47
2487,1115,187790,20180112,1115,1085,0.5,1115,281.74
2621,1175,187790,20180115,1300,1140,38.46,1150,6811.42
2621,1175,187790,20180116,1200,1125,0,1180,994.32
2766,1240,187790,20180117,1265,1180,36.34,1245,2358.56
2722,1220,187790,20180118,1245,1210,2.39,1240,644.28
2688,1205,187790,20180119,1220,1190,2.35,1220,462.04
2621,1175,187790,20180122,1230,1160,0.06,1210,474.98
2643,1185,187790,20180123,1245,1150,2.07,1175,774.01
2699,1210,187790,20180124,1210,1165,2.75,1175,497.81
2666,1195,187790,20180125,1215,1190,0,1215,399.42
2666,1195,187790,20180126,1205,1180,0,1185,1205.39
2666,1195,187790,20180129,1195,1195,0,1195,0
2666,1195,187790,20180130,1195,1195,0,1195,0
2666,1195,187790,20180131,1195,1195,0,1195,0
2666,1195,187790,20180201,1195,1195,0,1195,0
2666,1195,187790,20180202,1195,1195,0,1195,0
2666,1195,187790,20180205,1195,1195,0,1195,0
2666,1195,187790,20180206,1195,1195,0,1195,0
2666,1195,187790,20180207,1195,1195,0,1195,0
2666,1195,187790,20180208,1195,1195,0,1195,0
2666,1195,187790,20180209,1195,1195,0,1195,0
2666,1195,187790,20180212,1195,1195,0,1195,0
2666,1195,187790,20180213,1195,1195,0,1195,0
2666,1195,187790,20180214,1195,1195,0,1195,0
2666,1195,187790,20180219,1195,1195,0,1195,0
2666,1195,187790,20180220,1195,1195,0,1195,0
2666,1195,187790,20180221,1195,1195,0,1195,0
2666,1195,187790,20180222,1195,1195,0,1195,0
2666,1195,187790,20180223,1195,1195,0,1195,0
2666,1195,187790,20180226,1195,1195,0,1195,0
2666,1195,187790,20180227,1195,1195,0,1195,0
2666,1195,187790,20180228,1195,1195,0,1195,0
2666,1195,187790,20180302,1195,1195,0,1195,0
2666,1195,187790,20180305,1195,1195,0,1195,0
2630,2950,187790,20180306,3455,2910,0,3230,1136.87
2487,2790,187790,20180307,2960,2735,0,2950,338.76
2630,2950,187790,20180308,3015,2790,0,2810,361.81
2693,3020,187790,20180309,3075,2940,0,2940,376.9
2875,3225,187790,20180312,3260,3075,4.13,3110,1280.86
2849,3195,187790,20180313,3285,3080,0,3265,478.89
2942,3300,187790,20180314,3350,3140,0,3170,492.42
2902,3255,187790,20180315,3355,3220,0,3355,255.11
2911,3265,187790,20180316,3290,3185,0,3260,202.38
2875,3225,187790,20180319,3285,3180,0,3285,165.74
2849,3195,187790,20180320,3250,3165,0,3200,188.76
2853,3200,187790,20180321,3265,3160,0,3230,188.67
2835,3180,187790,20180322,3305,3175,0,3185,329.67
2764,3100,187790,20180323,3180,3080,0,3180,343.15
3339,3745,187790,20180326,3940,3400,42.48,3405,7220.22
3339,3745,187790,20180327,4040,3605,11.68,3870,2970.83
3441,3860,187790,20180328,3890,3680,16.71,3815,1946.25
3334,3740,187790,20180329,3920,3560,0.17,3900,957.03
3281,3680,187790,20180330,3795,3600,0,3740,695.54
3156,3540,187790,20180402,3665,3500,0,3665,524.06
2630,2950,187790,20180403,3075,2870,0,2870,1673.05
2487,2790,187790,20180404,2950,2775,2.31,2940,1015.6
2537,2845,187790,20180405,2885,2755,4.5,2810,449.5
2537,2845,187790,20180406,2860,2790,0.74,2845,346.32
2505,2810,187790,20180409,2890,2780,3.22,2870,296.3
2479,2780,187790,20180410,2810,2700,2.91,2810,412.81
2447,2745,187790,20180411,2815,2740,0.8,2810,222.75
2430,2725,187790,20180412,2775,2695,0.62,2745,335.42
2461,2760,187790,20180413,2775,2715,0,2740,255.06
2479,2780,187790,20180416,2780,2730,0,2780,238.74
2514,2820,187790,20180417,2825,2780,0,2790,302.71
2519,2825,187790,20180418,2850,2790,0,2835,276.1
2590,2905,187790,20180419,3065,2750,0,2810,1446.02
2563,2875,187790,20180420,2945,2800,0,2940,350.91
2523,2830,187790,20180423,2900,2810,0.57,2865,287.87
2496,2800,187790,20180424,2850,2800,0,2835,214.79
2483,2785,187790,20180425,2820,2750,0,2800,147.22
2474,2775,187790,20180426,2790,2755,0.04,2785,147.9
2496,2800,187790,20180427,2800,2755,0,2755,139.21
2523,2830,187790,20180430,2850,2770,0.03,2800,232.92
2603,2920,187790,20180502,2970,2795,0.03,2820,776.94
2550,2860,187790,20180503,2920,2810,0,2920,321.68
2554,2865,187790,20180504,2880,2815,0.04,2860,171.89
2706,3035,187790,20180508,3160,2910,0.04,2975,1652.07
2661,2985,187790,20180509,3050,2940,0,3045,290.35
2608,2925,187790,20180510,3015,2905,0,2980,295.93
2643,2965,187790,20180511,2970,2900,0,2940,320.81
2590,2905,187790,20180514,2975,2825,0,2915,599.34
2645,2645,187790,20180515,2755,2580,2.48,2725,606.54
2615,2615,187790,20180516,2645,2585,7.15,2630,190.39
2605,2605,187790,20180517,2655,2580,4.04,2620,259.49
2635,2635,187790,20180518,2650,2585,0,2635,144.31
2660,2660,187790,20180521,2730,2630,0.97,2635,146.55
2630,2630,187790,20180523,2690,2610,0,2660,134.53
2640,2640,187790,20180524,2660,2590,0,2650,100.99
2565,2565,187790,20180525,2645,2500,0.4,2645,221.73
2595,2595,187790,20180528,2635,2535,0.27,2565,118.17
2690,2690,187790,20180529,2850,2565,1.33,2635,907.38
2745,2745,187790,20180530,2780,2605,8.15,2745,461.44
2685,2685,187790,20180531,2805,2675,0.81,2750,201.25
2625,2625,187790,20180601,2720,2595,0.65,2690,194.87
2530,2530,187790,20180604,2645,2520,0.27,2645,207.12
2440,2440,187790,20180605,2575,2400,0,2510,287.19
2435,2435,187790,20180607,2540,2405,11.08,2450,221.49
2410,2410,187790,20180608,2465,2380,20.42,2415,207.02
2415,2415,187790,20180611,2440,2385,9.53,2410,148.9
2450,2450,187790,20180612,2505,2415,14.02,2415,234.77
2440,2440,187790,20180614,2505,2425,6.86,2495,160.22
2410,2410,187790,20180615,2485,2410,0,2440,96.46
2285,2285,187790,20180618,2420,2245,7.86,2420,183.36
2180,2180,187790,20180619,2290,2175,26.04,2290,160.34
2180,2180,187790,20180620,2215,2125,70.44,2200,219.65
2020,2020,187790,20180621,2170,1990,1.73,2170,655.44
2005,2005,187790,20180622,2035,1980,3.46,2035,192.59
2050,2050,187790,20180625,2090,1985,15.51,1985,147.32
2030,2030,187790,20180626,2040,2005,0.42,2010,153.92
1995,1995,187790,20180627,2035,1980,15.33,2005,203.05
1995,1995,187790,20180628,2100,1915,6.79,1960,250.59
1975,1975,187790,20180629,2040,1950,4.83,2040,130.25
1885,1885,187790,20180702,1995,1885,0.5,1995,87.98
1925,1925,187790,20180703,1950,1870,2.67,1920,106.35
1945,1945,187790,20180704,1995,1925,0.64,1990,71.25
1885,1885,187790,20180705,1955,1880,0.01,1930,76.51
1920,1920,187790,20180706,1935,1865,0,1925,72.38
1900,1900,187790,20180709,1950,1880,0,1950,37.68
1905,1905,187790,20180710,1925,1900,2.57,1910,47.09
1930,1930,187790,20180711,1990,1895,2.15,1900,102.67
2015,2015,187790,20180712,2135,1920,1.69,1960,512.75
2030,2030,187790,20180713,2065,2005,0.47,2005,87.48
2010,2010,187790,20180716,2045,1990,10,2045,129.14
1895,1895,187790,20180717,1925,1895,0,1900,647.42
1905,1905,187790,20180718,1930,1895,0,1900,231.75
1870,1870,187790,20180719,1910,1810,0,1900,627.41
1795,1795,187790,20180720,1875,1770,0,1875,233.56
1680,1680,187790,20180723,1795,1680,0,1795,389.8
1720,1720,187790,20180724,1740,1665,0,1675,105.83
1690,1690,187790,20180725,1730,1675,0,1720,85.24
1710,1710,187790,20180726,1720,1690,0,1705,95.8
1810,1810,187790,20180727,1830,1700,0,1700,734.42
1850,1850,187790,20180730,1850,1775,0,1780,180.07
1790,1790,187790,20180731,1855,1780,0,1830,141.77
1875,1875,187790,20180801,1905,1790,2.65,1790,484.36
1875,1875,187790,20180802,1910,1835,0.54,1875,167.42
1900,1900,187790,20180803,1915,1870,0,1870,44.56
1880,1880,187790,20180806,1915,1870,0,1900,84.41
1855,1855,187790,20180807,1900,1810,0,1900,122.41
1910,1910,187790,20180808,1920,1870,0,1885,201.72
1900,1900,187790,20180809,1930,1885,0,1920,125.32
2170,2170,187790,20180810,2420,1895,44.8,1915,13172.45
1985,1985,187790,20180813,2135,1985,2.4,2125,1572.79
2010,2010,187790,20180814,2105,1965,2.21,1985,1087.07
2100,2100,187790,20180816,2125,1955,0.31,2010,1031.04
2085,2085,187790,20180817,2140,2070,0,2120,626.56
2160,2160,187790,20180820,2215,2080,1.59,2085,1125.67
2160,2160,187790,20180821,2200,2140,0,2175,342
2140,2140,187790,20180822,2165,2120,0,2150,342.67
2075,2075,187790,20180823,2155,2060,0,2150,360.29
2110,2110,187790,20180824,2130,2055,0,2085,233.73
2190,2190,187790,20180827,2215,2115,22.41,2115,679.94
2170,2170,187790,20180828,2240,2145,6.44,2215,394.72
2165,2165,187790,20180829,2200,2135,1.9,2200,189.74
2095,2095,187790,20180830,2195,2095,0,2170,314.61
2130,2130,187790,20180831,2140,2075,2.4,2090,181.25
2130,2130,187790,20180903,2130,2095,0.01,2130,148.58
2165,2165,187790,20180904,2165,2125,0,2145,186.6
2280,2280,187790,20180905,2425,2235,96.13,2385,3097.42
2440,2440,187790,20180906,2495,2235,18.63,2290,1800.12
2440,2440,187790,20180907,2475,2385,7.37,2405,620.95
2380,2380,187790,20180910,2485,2355,4.5,2470,455.92
2380,2380,187790,20180911,2420,2330,3.02,2370,356.3
2450,2450,187790,20180912,2535,2370,18.81,2380,1034.8
2475,2475,187790,20180913,2530,2430,2.21,2440,605.95
2480,2480,187790,20180914,2510,2430,3.23,2460,351.45
2405,2405,187790,20180917,2500,2370,2.15,2500,405.82
2340,2340,187790,20180918,2405,2335,1.2,2405,314.79
2330,2330,187790,20180919,2380,2300,2.35,2340,233.32
2280,2280,187790,20180920,2350,2250,1.2,2310,343.36
2275,2275,187790,20180921,2285,2250,0,2260,124.88
2365,2365,187790,20180927,2435,2280,15.56,2280,352.15
2370,2370,187790,20180928,2420,2345,3.93,2420,236.82
2410,2410,187790,20181001,2450,2360,0.5,2380,360.72
2350,2350,187790,20181002,2465,2350,0,2445,292.63
2265,2265,187790,20181004,2375,2250,2.6,2350,476.05
2275,2275,187790,20181005,2350,2235,3.75,2240,290.08
2215,2215,187790,20181008,2275,2140,0,2275,168.29
2020,2020,187790,20181010,2190,2020,7,2180,448.66
1950,1950,187790,20181011,2020,1880,0.7,1920,260.15
2070,2070,187790,20181012,2070,1920,1.12,1955,169.9
2075,2075,187790,20181015,2155,2050,4.9,2110,199.85
2135,2135,187790,20181016,2185,2100,1.1,2100,119.57
2200,2200,187790,20181017,2210,2160,0,2160,139.34
2160,2160,187790,20181018,2195,2120,0,2195,80.15
2185,2185,187790,20181019,2210,2100,0.01,2135,122.59
2195,2195,187790,20181022,2225,2155,1.93,2225,130.05
2135,2135,187790,20181023,2230,2125,1,2190,147.36
2140,2140,187790,20181024,2230,2115,2.61,2155,229.76
2010,2010,187790,20181025,2110,1905,9.43,2090,513.76
2005,2005,187790,20181026,2070,1905,10.29,2060,288.74
1915,1915,187790,20181029,2030,1885,6.1,2000,228.89
1900,1900,187790,20181030,1950,1785,0.8,1895,417.94
2000,2000,187790,20181031,2015,1885,4.08,1930,227.31
2040,2040,187790,20181101,2100,1990,6.51,2020,702.68
2075,2075,187790,20181102,2120,2050,0.02,2080,206.17
2070,2070,187790,20181105,2090,2030,0.8,2090,187.1
2095,2095,187790,20181106,2135,2050,0.4,2095,224.11
2110,2110,187790,20181107,2265,2090,27.19,2195,1033.73
2155,2155,187790,20181108,2170,2120,0,2150,197.71
2185,2185,187790,20181109,2225,2115,4.77,2225,249.47
2210,2210,187790,20181112,2270,2175,5.44,2190,638.16
2185,2185,187790,20181113,2200,2075,6.88,2175,447.61
2135,2135,187790,20181114,2210,2105,4.22,2160,187.13
2100,2100,187790,20181115,2140,2075,0.8,2125,279.36
2090,2090,187790,20181116,2145,2060,0,2130,229.49
2110,2110,187790,20181119,2135,2080,7.74,2095,251.02
2045,2045,187790,20181120,2100,2025,2.72,2075,284.89
2055,2055,187790,20181121,2125,1980,7.35,2010,376.07
2010,2010,187790,20181122,2080,2000,0.24,2080,215.99
1980,1980,187790,20181123,2040,1975,5.8,2005,188.57
2010,2010,187790,20181126,2020,1980,1.01,1985,82.56
2045,2045,187790,20181127,2070,2000,6.54,2040,293.91
2010,2010,187790,20181128,2065,1975,5.43,2060,337.9
1990,1990,187790,20181129,2035,1990,1.19,2005,163.2
1980,1980,187790,20181130,2015,1965,0.09,1990,110.52
1975,1975,187790,20181203,2000,1970,0.09,1980,217.96
1985,1985,187790,20181204,2005,1965,0.09,2005,186.05
1925,1925,187790,20181205,1985,1925,0.09,1970,204.83
1915,1915,187790,20181206,1990,1905,0.11,1940,159.48
1915,1915,187790,20181207,1960,1900,4.29,1915,130.39
1875,1875,187790,20181210,1905,1830,1.32,1905,219.63
1830,1830,187790,20181211,1895,1795,1.71,1875,342.06
1865,1865,187790,20181212,1865,1800,0.22,1840,111.4
1935,1935,187790,20181213,1940,1870,0.37,1870,126.55
1915,1915,187790,20181214,1955,1900,0.11,1935,93.09
1915,1915,187790,20181217,1960,1880,1.62,1915,114.22
1860,1860,187790,20181218,1945,1860,0.01,1900,128.55
1935,1935,187790,20181219,1935,1850,0.66,1890,152.62
1915,1915,187790,20181220,1950,1885,0.01,1935,83.71
1910,1910,187790,20181221,1920,1885,0.01,1915,56.49
1955,1955,187790,20181224,2005,1905,0,1935,531.1
1880,1880,187790,20181226,1950,1875,0.01,1920,172.53
1900,1900,187790,20181227,1930,1890,0.04,1930,64.41
1915,1915,187790,20181228,1925,1895,0,1895,64.31
1930,1930,187790,20190102,1960,1915,0,1925,125.24
1880,1880,187790,20190103,1940,1880,1.1,1905,123.51
2110,2110,187790,20190104,2110,1855,21.99,1860,2541.5
2305,2305,187790,20190107,2480,2115,18.6,2150,5868.94
2330,2330,187790,20190108,2370,2235,7.88,2300,2071.26
2305,2305,187790,20190109,2345,2265,2.8,2300,910.87
2305,2305,187790,20190110,2420,2265,1.25,2360,1600.01
2210,2210,187790,20190111,2325,2180,0.2,2310,845.66
2240,2240,187790,20190114,2355,2210,32.72,2265,1773.49
2220,2220,187790,20190115,2325,2200,4.7,2255,503.28
2300,2300,187790,20190116,2300,2160,7.58,2240,799.67
2260,2260,187790,20190117,2315,2230,5.37,2315,480.41
2250,2250,187790,20190118,2250,2190,6.9,2195,687.66
2310,2310,187790,20190121,2330,2230,2.96,2245,639.22
2360,2360,187790,20190122,2400,2285,9.33,2335,932.43
2300,2300,187790,20190123,2450,2300,6.47,2400,1092.3
2285,2285,187790,20190124,2305,2245,5.91,2300,317.42
2305,2305,187790,20190125,2315,2250,2.11,2300,221.68
2295,2295,187790,20190128,2330,2270,1.01,2310,290.88
2225,2225,187790,20190129,2300,2205,2.19,2295,365.98
2215,2215,187790,20190130,2250,2175,0.42,2250,250.08
2240,2240,187790,20190131,2285,2195,2.1,2245,233.63
2205,2205,187790,20190201,2240,2180,0,2240,195.7
2275,2275,187790,20190207,2295,2175,0,2205,340.75
2340,2340,187790,20190208,2340,2260,0,2270,431.75
2355,2355,187790,20190211,2385,2315,0.19,2365,355.81
2390,2390,187790,20190212,2460,2300,4.81,2360,718.65
2485,2485,187790,20190213,2495,2375,3.12,2375,914.25
2485,2485,187790,20190214,2495,2430,0,2470,277.71
2375,2375,187790,20190215,2520,2335,0.8,2485,593.38
2405,2405,187790,20190218,2420,2330,0,2395,211.2
2470,2470,187790,20190219,2470,2385,1.3,2420,389.28
2430,2430,187790,20190220,2520,2420,4.4,2520,267.63
2440,2440,187790,20190221,2470,2350,5.53,2410,335.53
2460,2460,187790,20190222,2595,2360,31.01,2450,1633.32
2450,2450,187790,20190225,2580,2390,10,2515,1046.73
2390,2390,187790,20190226,2495,2370,2.6,2470,367.92
2385,2385,187790,20190227,2465,2355,4.27,2375,511.36
2285,2285,187790,20190228,2435,2285,1.33,2385,501.67
2430,2430,187790,20190304,2480,2330,0.99,2330,504.37
2465,2465,187790,20190305,2550,2410,24.93,2500,1030.19
2580,2580,187790,20190306,2700,2480,55.79,2500,5533.6
2405,2405,187790,20190307,2565,2405,4.2,2560,1243.43
2505,2505,187790,20190308,2530,2370,7.25,2370,1011.62
2600,2600,187790,20190311,2645,2425,23.3,2490,1652.84
2555,2555,187790,20190312,2670,2530,1.18,2605,1293.75
2485,2485,187790,20190313,2590,2450,4.45,2570,720.46
2465,2465,187790,20190314,2500,2405,0,2485,479.7
2420,2420,187790,20190315,2520,2390,0,2475,553.51
2420,2420,187790,20190318,2455,2410,5.55,2415,326.15
2475,2475,187790,20190319,2480,2405,0.5,2410,443.95
2475,2475,187790,20190319,2480,2405,0.5,2410,443.95
2440,2440,187790,20190320,2555,2410,4.53,2530,387.54
2475,2475,187790,20190321,2520,2410,0.11,2450,448.27
2825,2825,187790,20190322,2915,2465,68.56,2475,10089.16
