,adj_prc,cls_prc,code,date,high_prc,low_prc,shtsale_trd_qty,strt_prc,trd_qty
0,4530,4530,045520,20130102,4560,4290,0.0,4290,87.87
1,4755,4755,045520,20130103,4780,4500,0.0,4530,88.65
2,4730,4730,045520,20130104,4750,4670,0.0,4750,43.72
3,4830,4830,045520,20130107,4940,4675,0.0,4675,62.11
4,4840,4840,045520,20130108,4880,4770,0.0,4820,42.16
5,4890,4890,045520,20130109,4890,4770,0.0,4840,60.18
6,4925,4925,045520,20130110,4930,4860,0.0,4930,36.64
7,4825,4825,045520,20130111,4925,4810,0.0,4890,51.81
8,4945,4945,045520,20130114,5040,4900,0.0,4900,111.11
9,4930,4930,045520,20130115,5300,4920,0.0,5050,185.11
10,4865,4865,045520,20130116,4990,4775,0.0,4990,94.25
11,4800,4800,045520,20130117,4865,4670,0.0,4810,87.83
12,4750,4750,045520,20130118,4840,4720,0.0,4775,30.94
13,4810,4810,045520,20130121,4835,4750,0.0,4750,33.38
14,4935,4935,045520,20130122,4950,4800,0.0,4870,73.56
15,4940,4940,045520,20130123,4980,4890,0.0,4980,41.44
16,4900,4900,045520,20130124,4940,4850,0.0,4940,43.89
17,4800,4800,045520,20130125,4925,4790,0.0,4900,42.56
18,4840,4840,045520,20130128,4860,4765,0.0,4800,56.43
19,4815,4815,045520,20130129,4880,4800,0.0,4880,44.35
20,4850,4850,045520,20130130,4850,4795,0.0,4815,46.56
21,4990,4990,045520,20130131,4995,4825,0.0,4825,88.47
22,4980,4980,045520,20130201,5050,4965,0.0,5030,82.54
23,4925,4925,045520,20130204,4995,4900,0.0,4980,55.89
24,4950,4950,045520,20130205,5050,4890,0.0,4910,57.83
25,4960,4960,045520,20130206,4985,4910,0.0,4910,44.6
26,4935,4935,045520,20130207,4955,4900,0.0,4955,46.66
27,4970,4970,045520,20130208,4975,4890,0.0,4910,43.91
28,5000,5000,045520,20130212,5450,4975,0.0,5000,593.82
29,5060,5060,045520,20130213,5090,4970,0.0,5010,127.67
30,5250,5250,045520,20130214,5280,5040,0.0,5090,203.46
31,5250,5250,045520,20130215,5330,5180,0.0,5180,128.45
32,5230,5230,045520,20130218,5290,5190,0.0,5210,110.32
33,5280,5280,045520,20130219,5350,5220,0.0,5250,93.57
34,5240,5240,045520,20130220,5330,5190,0.0,5330,112.53
35,5320,5320,045520,20130221,5480,5160,0.0,5160,370.5
36,5300,5300,045520,20130222,5380,5270,0.0,5300,109.82
37,5310,5310,045520,20130225,5390,5270,0.0,5390,96.65
38,5310,5310,045520,20130226,5330,5220,0.0,5230,78.05
39,5260,5260,045520,20130227,5320,5240,0.0,5270,87.74
40,5230,5230,045520,20130228,5810,5230,0.0,5670,811.58
41,4450,4450,045520,20130304,4830,4450,0.0,4830,805.99
42,4115,4115,045520,20130305,4185,3905,0.0,4130,1893.95
43,4095,4095,045520,20130306,4185,4015,0.0,4145,740.93
44,3975,3975,045520,20130307,4135,3925,0.0,4095,733.91
45,3970,3970,045520,20130308,4085,3970,0.0,4025,611.36
46,3735,3735,045520,20130311,3920,3610,0.0,3910,981.22
47,3845,3845,045520,20130312,3845,3675,0.0,3715,396.07
48,3730,3730,045520,20130313,3835,3720,0.0,3800,279.85
49,3570,3570,045520,20130314,3750,3495,0.0,3715,442.37
50,3570,3570,045520,20130315,3660,3535,0.0,3605,230.57
51,3560,3560,045520,20130318,3605,3530,0.0,3600,191.81
52,3690,3690,045520,20130319,3695,3600,0.0,3650,376.15
53,3585,3585,045520,20130320,3725,3575,0.0,3680,197.85
54,3230,3230,045520,20130321,3610,3205,0.0,3585,440.22
55,3325,3325,045520,20130322,3330,3185,0.0,3250,251.79
56,3405,3405,045520,20130325,3420,3305,0.0,3340,152.77
57,3370,3370,045520,20130326,3425,3340,0.0,3425,92.5
58,3295,3295,045520,20130327,3375,3220,0.0,3370,140.6
59,3360,3360,045520,20130328,3420,3295,0.0,3335,115.95
60,3345,3345,045520,20130329,3425,3330,0.0,3400,81.69
61,3510,3510,045520,20130401,3545,3425,0.0,3445,347.87
62,3425,3425,045520,20130402,3545,3410,0.0,3545,160.23
63,3310,3310,045520,20130403,3500,3310,0.0,3470,175.11
64,3370,3370,045520,20130404,3490,3220,0.0,3280,214.31
65,3335,3335,045520,20130405,3475,3315,0.0,3475,129.89
66,3835,3835,045520,20130408,3835,3410,0.0,3445,1615.59
67,3550,3550,045520,20130409,4135,3415,0.0,4010,4387.02
68,3510,3510,045520,20130410,3620,3465,0.0,3565,832.64
69,3695,3695,045520,20130411,3980,3500,0.0,3515,1890.85
70,3675,3675,045520,20130412,3795,3655,0.0,3695,651.18
71,3520,3520,045520,20130415,3860,3520,0.0,3835,1001.03
72,3800,3800,045520,20130416,4000,3520,0.0,3575,3020.83
73,3920,3920,045520,20130417,3970,3690,0.0,3795,1299.56
74,3760,3760,045520,20130418,3935,3760,0.0,3920,490.47
75,3765,3765,045520,20130419,3820,3585,0.0,3750,378.71
76,3670,3670,045520,20130422,3785,3650,0.0,3695,332.25
77,3570,3570,045520,20130423,3725,3570,0.0,3670,356.64
78,3555,3555,045520,20130424,3660,3550,0.0,3610,318.13
79,3670,3670,045520,20130425,3800,3610,1.75,3610,614.68
80,3610,3610,045520,20130426,3685,3525,0.0,3650,386.5
81,3680,3680,045520,20130429,3730,3595,0.88,3610,619.95
82,3665,3665,045520,20130430,3780,3635,0.26,3750,453.62
83,3900,3900,045520,20130502,3910,3575,0.0,3690,905.49
84,3780,3780,045520,20130503,3985,3750,0.08,3900,1270.65
85,3720,3720,045520,20130506,3850,3710,0.02,3770,504.09
86,3700,3700,045520,20130507,3760,3680,0.01,3735,250.13
87,3715,3715,045520,20130508,3830,3675,0.0,3700,407.44
88,3720,3720,045520,20130509,3810,3710,0.0,3725,495.91
89,3650,3650,045520,20130510,3735,3645,0.0,3725,209.01
90,3595,3595,045520,20130513,3780,3575,0.0,3660,172.5
91,3625,3625,045520,20130514,3760,3590,0.0,3725,278.47
92,3605,3605,045520,20130515,3695,3600,0.0,3640,147.17
93,3820,3820,045520,20130516,3925,3620,0.0,3675,1957.56
94,3765,3765,045520,20130520,3865,3725,0.0,3820,833.64
95,3755,3755,045520,20130521,3915,3695,0.0,3765,1226.21
96,3635,3635,045520,20130522,3790,3610,0.5,3755,592.69
97,3605,3605,045520,20130523,3675,3600,0.0,3650,213.38
98,3615,3615,045520,20130524,3705,3605,0.3,3650,220.74
99,3635,3635,045520,20130527,3665,3610,0.18,3630,108.47
100,3635,3635,045520,20130528,3705,3630,0.0,3650,219.0
101,3705,3705,045520,20130529,3740,3640,0.0,3655,200.14
102,3610,3610,045520,20130530,3720,3600,0.0,3705,216.73
103,3495,3495,045520,20130531,3630,3470,0.0,3580,237.68
104,3280,3280,045520,20130603,3525,3275,0.0,3495,385.16
105,3225,3225,045520,20130604,3330,3175,0.0,3310,198.63
106,3220,3220,045520,20130605,3280,3205,0.0,3225,87.38
107,3175,3175,045520,20130607,3235,3160,0.0,3185,99.44
108,3235,3235,045520,20130610,3235,3120,0.0,3120,80.57
109,3290,3290,045520,20130611,3300,3190,0.0,3240,59.27
110,3330,3330,045520,20130612,3370,3280,0.0,3280,75.05
111,3370,3370,045520,20130613,3450,3330,0.0,3330,80.46
112,3375,3375,045520,20130614,3420,3330,0.0,3420,25.98
113,3410,3410,045520,20130617,3435,3350,0.0,3390,91.71
114,3455,3455,045520,20130618,3460,3360,0.0,3415,53.57
115,3600,3600,045520,20130619,3610,3455,0.0,3455,155.43
116,3525,3525,045520,20130620,3625,3450,0.0,3585,158.43
117,3525,3525,045520,20130621,3525,3385,0.5,3410,47.7
118,3560,3560,045520,20130624,3590,3490,0.0,3515,80.15
119,3395,3395,045520,20130625,3580,3395,0.0,3525,111.74
120,3460,3460,045520,20130626,3495,3400,0.0,3445,49.98
121,3570,3570,045520,20130627,3570,3500,0.0,3510,43.0
122,3580,3580,045520,20130628,3585,3535,0.0,3570,52.63
123,3600,3600,045520,20130701,3620,3540,0.0,3620,53.0
124,3615,3615,045520,20130702,3630,3565,0.0,3615,49.05
125,3625,3625,045520,20130703,3645,3575,0.0,3620,67.29
126,3735,3735,045520,20130704,3735,3630,0.0,3640,125.2
127,3820,3820,045520,20130705,3865,3705,0.0,3710,184.85
128,3795,3795,045520,20130708,3820,3700,0.0,3820,132.61
129,3825,3825,045520,20130709,3835,3750,0.0,3755,70.25
130,3860,3860,045520,20130710,3875,3805,0.0,3840,79.15
131,3900,3900,045520,20130711,3910,3835,0.0,3860,108.66
132,3910,3910,045520,20130712,3915,3850,0.0,3890,69.56
133,3900,3900,045520,20130715,3920,3855,0.0,3920,46.83
134,3760,3760,045520,20130716,3930,3700,0.0,3865,210.51
135,3950,3950,045520,20130717,3950,3755,0.0,3755,206.92
136,3995,3995,045520,20130718,3995,3925,0.0,3960,71.78
137,4075,4075,045520,20130719,4200,3950,0.0,4080,159.38
138,4110,4110,045520,20130722,4145,3980,0.0,4005,119.54
139,4260,4260,045520,20130723,4270,4080,0.0,4100,107.86
140,4265,4265,045520,20130724,4285,4185,0.0,4245,97.17
141,4195,4195,045520,20130725,4385,4100,0.0,4295,189.22
142,4195,4195,045520,20130726,4235,4050,0.0,4210,132.05
143,4135,4135,045520,20130729,4200,4085,0.0,4195,54.17
144,4200,4200,045520,20130730,4205,4075,0.0,4075,23.81
145,4250,4250,045520,20130731,4250,4175,0.0,4200,43.81
146,4260,4260,045520,20130801,4275,4185,0.0,4255,35.88
147,4230,4230,045520,20130802,4320,4100,0.0,4320,86.41
148,4180,4180,045520,20130805,4240,4170,0.0,4230,38.06
149,4090,4090,045520,20130806,4185,4000,0.0,4180,148.83
150,4000,4000,045520,20130807,4085,3960,0.0,4020,81.19
151,3940,3940,045520,20130808,4000,3800,0.0,4000,177.53
152,4050,4050,045520,20130809,4050,3900,0.0,3940,39.26
153,4185,4185,045520,20130812,4185,4030,0.0,4085,68.53
154,4150,4150,045520,20130813,4200,4105,0.0,4200,44.63
155,4160,4160,045520,20130814,4180,4075,0.0,4150,17.59
156,4170,4170,045520,20130816,4170,4080,0.0,4130,19.66
157,4220,4220,045520,20130819,4345,4160,0.0,4250,262.46
158,4230,4230,045520,20130820,4230,4140,0.0,4215,76.33
159,4130,4130,045520,20130821,4280,3910,0.0,4260,91.95
160,3990,3990,045520,20130822,4090,3985,0.0,4080,57.78
161,4040,4040,045520,20130823,4120,3980,0.0,4040,72.28
162,4065,4065,045520,20130826,4105,4000,0.0,4065,20.93
163,4005,4005,045520,20130827,4080,4005,0.0,4040,28.53
164,3965,3965,045520,20130828,4050,3910,0.0,3930,101.06
165,4040,4040,045520,20130829,4045,3970,0.0,3970,26.9
166,4055,4055,045520,20130830,4080,3975,0.0,4040,62.73
167,4075,4075,045520,20130902,4095,3990,0.0,3990,17.48
168,4085,4085,045520,20130903,4085,4030,0.0,4075,28.56
169,4110,4110,045520,20130904,4150,4050,0.0,4070,16.44
170,4100,4100,045520,20130905,4130,4070,0.0,4120,12.65
171,4070,4070,045520,20130906,4125,4030,0.0,4095,30.47
172,4075,4075,045520,20130909,4115,4025,0.0,4070,43.86
173,4065,4065,045520,20130910,4090,4030,0.0,4070,22.97
174,4075,4075,045520,20130911,4075,4035,0.0,4065,10.25
175,4075,4075,045520,20130912,4105,4035,0.0,4075,23.29
176,4070,4070,045520,20130913,4075,4025,0.0,4075,16.27
177,4035,4035,045520,20130916,4080,4000,0.0,4070,42.75
178,4075,4075,045520,20130917,4080,4015,0.0,4015,18.02
179,4200,4200,045520,20130923,4205,4045,0.0,4075,79.11
180,4250,4250,045520,20130924,4300,4170,0.0,4200,69.03
181,4235,4235,045520,20130925,4280,4200,0.0,4250,31.19
182,4245,4245,045520,20130926,4260,4195,0.0,4235,41.12
183,4250,4250,045520,20130927,4260,4210,0.0,4245,23.44
184,4250,4250,045520,20130930,4280,4220,0.0,4250,27.61
185,4245,4245,045520,20131001,4275,4180,0.0,4250,60.81
186,4270,4270,045520,20131002,4275,4215,0.0,4250,61.0
187,4310,4310,045520,20131004,4380,4240,0.0,4265,31.76
188,4425,4425,045520,20131007,4425,4310,0.0,4325,59.98
189,4490,4490,045520,20131008,4500,4380,0.0,4390,61.38
190,4575,4575,045520,20131010,4585,4455,0.0,4520,73.87
191,4590,4590,045520,20131011,4635,4555,0.0,4620,50.51
192,4675,4675,045520,20131014,4675,4555,0.0,4565,51.73
193,4700,4700,045520,20131015,4700,4620,0.0,4655,58.35
194,4660,4660,045520,20131016,4700,4630,0.0,4695,40.23
195,4670,4670,045520,20131017,4675,4570,0.0,4640,50.59
196,4700,4700,045520,20131018,4700,4645,0.0,4675,13.23
197,4790,4790,045520,20131021,4795,4675,0.0,4675,30.95
198,4850,4850,045520,20131022,4860,4775,0.0,4790,27.99
199,4790,4790,045520,20131023,4870,4755,0.0,4870,40.17
200,4800,4800,045520,20131024,4820,4755,0.0,4765,15.86
201,4820,4820,045520,20131025,4825,4710,0.0,4815,43.91
202,4825,4825,045520,20131028,4830,4775,0.0,4820,14.9
203,4560,4560,045520,20131029,4960,4545,0.0,4870,386.91
204,4520,4520,045520,20131030,4585,4295,0.0,4540,248.0
205,4580,4580,045520,20131031,4620,4470,0.0,4510,69.8
206,4640,4640,045520,20131101,4640,4525,0.0,4580,57.23
207,4755,4755,045520,20131104,4785,4590,0.0,4640,79.03
208,4655,4655,045520,20131105,4755,4610,0.0,4755,49.45
209,4400,4400,045520,20131106,4750,4400,0.0,4750,271.5
210,4400,4400,045520,20131107,4435,4345,0.0,4400,61.62
211,4400,4400,045520,20131108,4450,4350,0.0,4395,48.03
212,4370,4370,045520,20131111,4420,4290,0.0,4390,74.92
213,4380,4380,045520,20131112,4390,4330,0.0,4345,37.32
214,4400,4400,045520,20131113,4430,4330,0.0,4365,23.46
215,4375,4375,045520,20131114,4420,4305,0.0,4400,29.96
216,3800,3800,045520,20131115,4345,3800,0.0,4300,324.6
217,4140,4140,045520,20131118,4180,3800,0.0,3800,128.11
218,4090,4090,045520,20131119,4145,4030,0.0,4145,38.21
219,4160,4160,045520,20131120,4170,4015,0.0,4090,64.73
220,3725,3725,045520,20131121,4160,3680,0.0,4160,254.63
221,3835,3835,045520,20131122,3945,3750,0.0,3755,122.77
222,3850,3850,045520,20131125,3855,3780,0.0,3815,23.08
223,3890,3890,045520,20131126,3905,3820,0.0,3845,19.75
224,3910,3910,045520,20131127,3910,3845,0.0,3910,32.34
225,3805,3805,045520,20131128,3910,3760,0.0,3910,73.03
226,3845,3845,045520,20131129,3855,3800,0.0,3805,27.4
227,3950,3950,045520,20131202,3960,3825,0.33,3845,70.25
228,3895,3895,045520,20131203,3995,3845,0.0,3995,83.36
229,3795,3795,045520,20131204,3915,3715,0.0,3895,56.12
230,3860,3860,045520,20131205,3860,3760,0.0,3795,31.6
231,3860,3860,045520,20131206,3890,3805,0.0,3860,35.27
232,3790,3790,045520,20131209,3880,3785,0.0,3880,31.37
233,3800,3800,045520,20131210,3825,3755,0.0,3765,28.64
234,3750,3750,045520,20131211,3810,3485,0.0,3750,84.51
235,3680,3680,045520,20131212,3735,3610,0.0,3735,47.91
236,3590,3590,045520,20131213,3675,3535,0.0,3675,41.72
237,3580,3580,045520,20131216,3665,3550,0.0,3665,19.77
238,3660,3660,045520,20131217,3685,3585,0.0,3685,19.82
239,3815,3815,045520,20131218,3815,3650,0.0,3660,31.19
240,3830,3830,045520,20131219,3875,3810,0.0,3810,17.66
241,3830,3830,045520,20131220,3870,3785,0.0,3840,40.73
242,3870,3870,045520,20131223,3930,3830,0.0,3860,33.99
243,3985,3985,045520,20131224,3985,3865,0.0,3900,50.72
244,4070,4070,045520,20131226,4075,3970,0.0,3985,51.73
245,4030,4030,045520,20131227,4075,3975,0.0,4030,33.04
246,3955,3955,045520,20131230,4065,3955,0.0,4065,26.08
247,4030,4030,045520,20140102,4065,3990,0.0,3995,30.34
248,4000,4000,045520,20140103,4030,3870,0.0,4030,53.05
249,4030,4030,045520,20140106,4050,3940,0.0,4000,27.46
250,4020,4020,045520,20140107,4055,4000,0.0,4030,20.16
251,4000,4000,045520,20140108,4040,4000,0.0,4030,23.7
252,4010,4010,045520,20140109,4035,3970,0.0,4035,15.21
253,4010,4010,045520,20140110,4020,3970,0.0,4015,19.4
254,4000,4000,045520,20140113,4020,3970,0.0,4020,29.4
255,4000,4000,045520,20140114,4025,3920,0.0,4000,5.36
256,4040,4040,045520,20140115,4040,3990,0.0,3995,20.54
257,4205,4205,045520,20140116,4210,4020,0.0,4040,76.17
258,4245,4245,045520,20140117,4310,4180,0.0,4265,110.8
259,4385,4385,045520,20140120,4430,4260,0.0,4305,117.49
260,4295,4295,045520,20140121,4390,4295,0.0,4380,71.24
261,4300,4300,045520,20140122,4335,4220,0.0,4285,70.69
262,4330,4330,045520,20140123,4330,4265,0.0,4290,49.6
263,4295,4295,045520,20140124,4330,4245,0.0,4330,28.95
264,4300,4300,045520,20140127,4665,4160,0.0,4195,415.7
265,4150,4150,045520,20140128,4385,4100,0.0,4300,297.63
266,4140,4140,045520,20140129,4200,4115,0.0,4185,75.04
267,4105,4105,045520,20140203,4165,4070,0.68,4100,54.42
268,3975,3975,045520,20140204,4100,3855,1.12,4030,97.88
269,3980,3980,045520,20140205,4050,3975,0.0,3975,38.14
270,4005,4005,045520,20140206,4050,3980,0.0,4020,46.53
271,3995,3995,045520,20140207,4060,3990,0.0,4035,66.32
272,4080,4080,045520,20140210,4080,4005,0.0,4005,37.07
273,4120,4120,045520,20140211,4140,4070,0.0,4090,42.72
274,4120,4120,045520,20140212,4150,4100,0.0,4100,41.77
275,4100,4100,045520,20140213,4140,4050,0.0,4120,35.9
276,4115,4115,045520,20140214,4145,4085,0.0,4140,23.08
277,4080,4080,045520,20140217,4140,4020,0.0,4120,100.7
278,3950,3950,045520,20140218,4085,3925,0.11,4060,136.77
279,3900,3900,045520,20140219,3960,3830,0.09,3950,131.04
280,3850,3850,045520,20140220,3935,3835,0.29,3900,51.01
281,3995,3995,045520,20140221,4010,3875,0.0,3875,107.66
282,4080,4080,045520,20140224,4385,4030,6.35,4080,864.99
283,3990,3990,045520,20140225,4200,3980,0.1,4145,420.64
284,3955,3955,045520,20140226,4050,3955,0.0,4050,151.31
285,3985,3985,045520,20140227,4065,3925,0.0,3940,203.9
286,3890,3890,045520,20140228,3980,3865,3.32,3980,128.5
287,3835,3835,045520,20140303,3880,3815,2.38,3865,90.38
288,3860,3860,045520,20140304,3870,3780,0.52,3795,45.26
289,3855,3855,045520,20140305,3885,3800,0.22,3885,65.75
290,3865,3865,045520,20140306,3885,3835,0.0,3850,41.47
291,3860,3860,045520,20140307,3905,3860,0.0,3870,64.74
292,3795,3795,045520,20140310,3900,3785,0.0,3860,65.9
293,3800,3800,045520,20140311,3840,3780,0.0,3805,58.28
294,3720,3720,045520,20140312,3815,3665,0.0,3815,136.03
295,3835,3835,045520,20140313,3865,3710,0.0,3715,126.15
296,3985,3985,045520,20140314,4115,3860,3.0,3880,613.46
297,4145,4145,045520,20140317,4385,4040,8.03,4080,1382.63
298,3960,3960,045520,20140318,4205,3960,2.21,4145,505.93
299,4010,4010,045520,20140319,4160,3970,0.0,3970,332.12
300,3930,3930,045520,20140320,4045,3910,1.39,3960,189.89
301,4040,4040,045520,20140321,4065,3930,1.09,3930,146.05
302,3985,3985,045520,20140324,4075,3955,3.56,4050,194.45
303,3950,3950,045520,20140325,4005,3945,0.0,3980,124.81
304,3940,3940,045520,20140326,3975,3930,0.0,3965,89.38
305,3985,3985,045520,20140327,4000,3920,0.0,3940,131.47
306,3975,3975,045520,20140328,4000,3950,0.0,3985,130.97
307,3770,3770,045520,20140331,3975,3750,2.35,3975,311.7
308,3950,3950,045520,20140401,3990,3815,2.32,3890,432.84
309,3840,3840,045520,20140402,3960,3835,0.0,3960,242.3
310,3960,3960,045520,20140403,4085,3815,0.0,3860,712.28
311,3885,3885,045520,20140404,3935,3860,0.0,3925,237.5
312,3780,3780,045520,20140407,3850,3765,0.0,3840,153.38
313,3745,3745,045520,20140408,3790,3710,0.0,3765,108.28
314,3740,3740,045520,20140409,3810,3740,0.0,3795,81.95
315,3730,3730,045520,20140410,3840,3705,0.0,3760,102.21
316,3650,3650,045520,20140411,3715,3650,0.0,3710,155.95
317,3670,3670,045520,20140414,3670,3625,0.0,3630,133.63
318,3585,3585,045520,20140415,3680,3585,0.0,3670,157.79
319,3720,3720,045520,20140416,3720,3590,0.0,3625,404.77
320,3700,3700,045520,20140417,3755,3660,0.0,3740,178.88
321,3690,3690,045520,20140418,3730,3670,0.0,3715,58.75
322,3620,3620,045520,20140421,3705,3620,0.0,3685,73.72
323,3660,3660,045520,20140422,3685,3630,0.0,3645,68.51
324,3620,3620,045520,20140423,3680,3600,0.0,3680,73.15
325,3570,3570,045520,20140424,3665,3560,0.0,3625,118.38
326,3590,3590,045520,20140425,3630,3550,0.0,3550,75.15
327,3595,3595,045520,20140428,3630,3585,0.0,3585,43.72
328,3570,3570,045520,20140429,3650,3570,1.23,3620,48.78
329,3495,3495,045520,20140430,3590,3475,0.22,3590,78.57
330,3490,3490,045520,20140502,3560,3485,0.0,3500,43.03
331,3430,3430,045520,20140507,3510,3430,0.0,3505,49.0
332,3380,3380,045520,20140508,3430,3340,0.0,3420,73.91
333,3465,3465,045520,20140509,3465,3380,0.0,3395,47.35
334,3550,3550,045520,20140512,3615,3480,0.93,3520,147.18
335,3605,3605,045520,20140513,3610,3550,0.0,3580,44.65
336,3620,3620,045520,20140514,3630,3580,0.0,3610,33.7
337,3710,3710,045520,20140515,3720,3615,0.0,3625,246.07
338,3680,3680,045520,20140516,3700,3620,0.0,3685,57.56
339,3650,3650,045520,20140519,3710,3505,1.05,3710,63.2
340,3540,3540,045520,20140520,3650,3495,3.29,3645,82.83
341,3625,3625,045520,20140521,3655,3490,0.0,3490,44.37
342,3650,3650,045520,20140522,3655,3595,0.0,3645,51.69
343,3660,3660,045520,20140523,3670,3625,0.0,3630,44.54
344,3665,3665,045520,20140526,3680,3635,0.0,3680,28.42
345,3600,3600,045520,20140527,3665,3585,0.0,3655,45.05
346,3585,3585,045520,20140528,3620,3550,0.0,3620,30.85
347,3570,3570,045520,20140529,3595,3520,0.0,3595,42.03
348,3565,3565,045520,20140530,3595,3510,0.0,3555,69.08
349,3560,3560,045520,20140602,3570,3490,0.0,3530,42.31
350,3535,3535,045520,20140603,3565,3490,3.42,3520,34.51
351,3525,3525,045520,20140605,3580,3490,0.0,3540,26.19
352,3640,3640,045520,20140609,3640,3530,0.0,3530,74.16
353,3705,3705,045520,20140610,3715,3620,0.0,3640,94.98
354,3770,3770,045520,20140611,3790,3705,0.0,3705,75.41
355,3735,3735,045520,20140612,3785,3690,0.0,3785,48.78
356,3720,3720,045520,20140613,3735,3645,0.0,3735,37.66
357,3735,3735,045520,20140616,3735,3675,0.0,3720,27.58
358,3720,3720,045520,20140617,3740,3675,0.0,3710,44.37
359,3725,3725,045520,20140618,3740,3645,0.0,3645,38.75
360,3775,3775,045520,20140619,3775,3665,0.0,3665,115.05
361,3770,3770,045520,20140620,3780,3725,0.0,3780,43.7
362,3700,3700,045520,20140623,3770,3685,0.0,3770,51.13
363,3715,3715,045520,20140624,3735,3690,0.0,3700,38.15
364,3690,3690,045520,20140625,3730,3655,0.0,3715,31.47
365,3640,3640,045520,20140626,3695,3600,0.0,3660,46.81
366,3635,3635,045520,20140627,3670,3625,0.0,3640,13.64
367,3710,3710,045520,20140630,3710,3625,0.0,3625,31.37
368,3740,3740,045520,20140701,3740,3705,0.0,3705,35.6
369,3755,3755,045520,20140702,3760,3735,0.0,3740,51.93
370,3760,3760,045520,20140703,3785,3730,0.0,3775,37.38
371,3765,3765,045520,20140704,3770,3725,0.0,3755,37.8
372,3770,3770,045520,20140707,3780,3730,0.0,3765,62.41
373,3785,3785,045520,20140708,3795,3750,0.0,3780,47.21
374,3795,3795,045520,20140709,3795,3760,0.0,3785,31.06
375,3830,3830,045520,20140710,3835,3790,0.0,3795,62.12
376,3880,3880,045520,20140711,3895,3800,2.45,3830,112.61
377,3945,3945,045520,20140714,3950,3875,0.0,3880,97.95
378,4025,4025,045520,20140715,4105,3950,0.0,3950,263.23
379,4030,4030,045520,20140716,4035,3965,0.0,4025,52.88
380,4090,4090,045520,20140717,4090,4030,0.0,4030,96.76
381,4220,4220,045520,20140718,4220,4065,0.0,4070,167.46
382,4040,4040,045520,20140721,4240,4040,0.0,4200,140.43
383,4125,4125,045520,20140722,4145,4040,0.0,4040,44.21
384,4125,4125,045520,20140723,4165,4085,0.0,4125,17.43
385,4100,4100,045520,20140724,4125,4050,0.0,4125,21.67
386,4200,4200,045520,20140725,4200,4070,0.0,4100,42.35
387,4185,4185,045520,20140728,4320,4100,0.0,4275,166.46
388,4045,4045,045520,20140729,4185,4010,0.0,4170,83.4
389,4050,4050,045520,20140730,4100,4000,0.0,4015,50.4
390,4050,4050,045520,20140731,4085,3985,0.0,4030,50.48
391,4055,4055,045520,20140801,4055,3980,0.0,4000,41.87
392,4125,4125,045520,20140804,4180,4020,0.0,4020,38.1
393,4120,4120,045520,20140805,4150,4050,0.0,4125,50.19
394,4075,4075,045520,20140806,4120,4010,0.0,4075,32.12
395,4075,4075,045520,20140807,4085,4010,0.0,4070,20.93
396,4060,4060,045520,20140808,4075,4000,0.0,4075,55.87
397,4065,4065,045520,20140811,4085,4010,0.0,4060,21.57
398,4065,4065,045520,20140812,4080,4020,0.0,4030,16.0
399,4025,4025,045520,20140813,4070,4000,0.0,4065,34.51
400,4030,4030,045520,20140814,4050,3990,0.0,4025,24.92
401,4030,4030,045520,20140818,4040,4005,0.0,4010,15.84
402,3915,3915,045520,20140819,4030,3910,0.0,4030,98.29
403,3950,3950,045520,20140820,3970,3915,0.0,3930,32.75
404,3920,3920,045520,20140821,3980,3865,0.0,3950,65.38
405,3900,3900,045520,20140822,3940,3855,0.0,3920,18.2
406,3930,3930,045520,20140825,3950,3880,0.0,3900,23.16
407,3965,3965,045520,20140826,3980,3880,0.0,3930,39.37
408,3980,3980,045520,20140827,3990,3930,0.0,3965,28.43
409,3980,3980,045520,20140828,3995,3955,0.0,3980,21.03
410,4005,4005,045520,20140829,4035,3940,0.0,4015,23.29
411,3990,3990,045520,20140901,4005,3935,0.0,4005,33.06
412,3900,3900,045520,20140902,4010,3885,0.0,3960,56.92
413,3830,3830,045520,20140903,3945,3805,0.0,3900,60.14
414,3870,3870,045520,20140904,3870,3800,0.0,3830,20.03
415,3940,3940,045520,20140905,3940,3845,0.0,3870,31.97
416,4040,4040,045520,20140911,4040,3945,0.0,3965,39.02
417,4030,4030,045520,20140912,4070,3930,0.0,4040,49.27
418,4020,4020,045520,20140915,4030,3980,0.0,4030,28.08
419,4035,4035,045520,20140916,4035,3950,0.0,4015,22.35
420,4030,4030,045520,20140917,4035,3995,0.0,4035,16.45
421,3960,3960,045520,20140918,4025,3940,0.0,3995,37.31
422,4010,4010,045520,20140919,4015,3930,0.0,3960,34.44
423,3990,3990,045520,20140922,4035,3940,0.0,4035,43.17
424,3990,3990,045520,20140923,4005,3960,0.0,3985,23.82
425,3970,3970,045520,20140924,3995,3910,0.0,3990,17.83
426,3950,3950,045520,20140925,3975,3915,0.0,3970,28.69
427,3990,3990,045520,20140926,3990,3885,0.0,3950,15.12
428,3960,3960,045520,20140929,3990,3910,0.0,3985,29.63
429,3915,3915,045520,20140930,3960,3870,0.0,3960,19.78
430,3800,3800,045520,20141001,3950,3790,0.0,3890,63.55
431,3735,3735,045520,20141002,3800,3645,0.0,3800,92.83
432,3750,3750,045520,20141006,3750,3685,0.0,3710,25.07
433,3715,3715,045520,20141007,3755,3680,0.0,3730,18.86
434,3695,3695,045520,20141008,3735,3660,0.0,3660,19.18
435,3820,3820,045520,20141010,3825,3700,0.0,3700,72.54
436,3795,3795,045520,20141013,3840,3650,0.0,3820,36.92
437,3990,3990,045520,20141014,4145,3700,2.36,3800,827.29
438,4585,4585,045520,20141015,4585,4310,5.03,4310,1788.76
439,4285,4285,045520,20141016,4785,4285,0.0,4680,2590.56
440,4550,4550,045520,20141017,4840,4280,2.79,4280,2514.79
441,4490,4490,045520,20141020,5230,4320,7.95,4710,4139.22
442,4035,4035,045520,20141021,4315,4035,0.0,4300,1557.85
443,4275,4275,045520,20141022,4500,3980,9.52,4015,2665.87
444,4100,4100,045520,20141023,4255,4055,1.45,4215,820.16
445,4210,4210,045520,20141024,4375,4105,6.14,4190,1093.86
446,3965,3965,045520,20141027,4370,3915,6.38,4250,842.68
447,4000,4000,045520,20141028,4095,3900,3.54,3900,298.94
448,3870,3870,045520,20141029,4030,3870,2.0,3990,265.38
449,3860,3860,045520,20141030,3920,3835,0.0,3835,157.9
450,3860,3860,045520,20141031,3950,3840,3.38,3890,230.92
451,3870,3870,045520,20141103,3920,3845,0.0,3865,112.98
452,3800,3800,045520,20141104,3890,3700,2.95,3865,206.92
453,3820,3820,045520,20141105,3840,3755,2.74,3755,92.04
454,3775,3775,045520,20141106,3900,3745,5.66,3770,125.14
455,3850,3850,045520,20141107,3850,3780,0.14,3780,59.75
456,3970,3970,045520,20141110,3980,3900,0.0,3920,163.33
457,3970,3970,045520,20141111,3980,3920,2.45,3980,73.32
458,4100,4100,045520,20141112,4100,3920,0.01,3980,144.42
459,4025,4025,045520,20141113,4105,3995,0.0,4050,132.37
460,3945,3945,045520,20141114,4080,3920,0.0,4030,68.5
461,4100,4100,045520,20141117,4300,3990,0.0,3995,542.32
462,4050,4050,045520,20141118,4115,4020,0.0,4050,97.54
463,4060,4060,045520,20141119,4230,4050,1.5,4155,232.05
464,4100,4100,045520,20141120,4230,4040,0.0,4080,149.89
465,4120,4120,045520,20141121,4145,4045,0.0,4140,78.61
466,3990,3990,045520,20141124,4120,3980,0.0,4100,102.23
467,4030,4030,045520,20141125,4045,3970,0.0,3995,44.36
468,3990,3990,045520,20141126,4045,3990,0.0,4015,48.96
469,4000,4000,045520,20141127,4015,3945,0.0,3945,51.23
470,4045,4045,045520,20141128,4070,3980,0.0,4000,60.11
471,4040,4040,045520,20141201,4075,3970,0.0,4070,76.14
472,3980,3980,045520,20141202,4035,3955,0.0,4020,70.03
473,3915,3915,045520,20141203,3980,3850,0.0,3980,57.68
474,3925,3925,045520,20141204,3955,3870,2.98,3915,44.04
475,3880,3880,045520,20141205,3925,3855,0.0,3900,108.81
476,3880,3880,045520,20141208,3910,3830,0.0,3910,73.47
477,3805,3805,045520,20141209,3945,3805,0.0,3880,87.65
478,3800,3800,045520,20141210,3840,3750,0.0,3800,53.13
479,3800,3800,045520,20141211,3840,3780,0.0,3795,30.01
480,3835,3835,045520,20141212,3860,3790,0.0,3800,51.47
481,3840,3840,045520,20141215,3875,3830,0.0,3840,47.06
482,3910,3910,045520,20141216,3915,3830,0.0,3865,118.86
483,3860,3860,045520,20141217,3920,3835,0.0,3920,28.37
484,3805,3805,045520,20141218,3885,3785,0.0,3860,76.09
485,3810,3810,045520,20141219,3860,3785,0.0,3805,57.37
486,3840,3840,045520,20141222,3840,3765,0.0,3765,29.17
487,3810,3810,045520,20141223,3840,3800,0.0,3840,25.08
488,3770,3770,045520,20141224,3830,3765,0.0,3810,84.78
489,3725,3725,045520,20141226,3800,3725,0.0,3735,69.2
490,3785,3785,045520,20141229,3795,3730,0.0,3770,27.3
491,3820,3820,045520,20141230,3860,3795,0.0,3850,75.68
492,3840,3840,045520,20150102,3840,3785,0.0,3795,49.18
493,3920,3920,045520,20150105,3925,3820,0.0,3845,84.94
494,3945,3945,045520,20150106,3985,3880,0.0,3895,61.25
495,3985,3985,045520,20150107,3985,3925,0.0,3950,55.39
496,3960,3960,045520,20150108,3995,3930,0.0,3995,53.96
497,4015,4015,045520,20150109,4035,3940,0.0,3990,61.99
498,4025,4025,045520,20150112,4055,3960,0.0,4000,50.14
499,4040,4040,045520,20150113,4050,4005,0.0,4010,54.32
500,4020,4020,045520,20150114,4065,4020,0.0,4040,30.38
501,4010,4010,045520,20150115,4025,3950,0.0,4020,87.38
502,4000,4000,045520,20150116,4005,3960,0.0,4005,40.4
503,4105,4105,045520,20150119,4165,3955,0.0,4005,150.29
504,4120,4120,045520,20150120,4145,4060,0.0,4145,47.65
505,4160,4160,045520,20150121,4165,4080,0.0,4100,80.3
506,4030,4030,045520,20150122,4160,4030,0.0,4160,101.2
507,4135,4135,045520,20150123,4170,4055,0.0,4055,87.08
508,4130,4130,045520,20150126,4150,4100,0.0,4145,56.62
509,4150,4150,045520,20150127,4200,4130,0.0,4135,100.35
510,4155,4155,045520,20150128,4170,4105,0.0,4150,45.3
511,4140,4140,045520,20150129,4180,4100,0.0,4155,58.87
512,4130,4130,045520,20150130,4140,4085,0.0,4120,62.3
513,4195,4195,045520,20150202,4195,4135,0.0,4145,49.65
514,4125,4125,045520,20150203,4295,4115,0.0,4200,134.82
515,4215,4215,045520,20150204,4280,4115,0.0,4130,116.93
516,4220,4220,045520,20150205,4270,4195,0.0,4270,108.99
517,4370,4370,045520,20150206,4375,4195,0.0,4220,202.79
518,4450,4450,045520,20150209,4550,4310,0.0,4370,286.15
519,4425,4425,045520,20150210,4470,4365,0.0,4470,117.47
520,4425,4425,045520,20150211,4475,4390,0.0,4430,116.54
521,4245,4245,045520,20150212,4405,4240,0.0,4405,169.47
522,4310,4310,045520,20150213,4320,4220,0.0,4300,76.02
523,4325,4325,045520,20150216,4350,4265,0.0,4310,57.08
524,4275,4275,045520,20150217,4325,4230,0.0,4325,57.73
525,4305,4305,045520,20150223,4800,4305,0.53,4755,961.12
526,4240,4240,045520,20150224,4405,4195,0.0,4350,439.4
527,4220,4220,045520,20150225,4280,4195,0.0,4260,163.63
528,4235,4235,045520,20150226,4265,4200,0.61,4200,66.31
529,4360,4360,045520,20150227,4380,4225,0.0,4225,125.97
530,4365,4365,045520,20150302,4400,4320,3.04,4400,224.66
531,4570,4570,045520,20150303,4640,4380,1.62,4400,676.19
532,4655,4655,045520,20150304,4675,4490,3.18,4545,249.61
533,4630,4630,045520,20150305,4685,4580,1.13,4650,170.49
534,4600,4600,045520,20150306,4650,4485,0.0,4615,198.34
535,4645,4645,045520,20150309,4645,4450,0.0,4500,182.72
536,4615,4615,045520,20150310,4660,4510,0.34,4650,137.2
537,4575,4575,045520,20150311,4595,4505,0.0,4580,87.88
538,4670,4670,045520,20150312,4800,4575,0.0,4635,282.3
539,4700,4700,045520,20150313,4700,4605,0.0,4700,105.6
540,4800,4800,045520,20150316,5100,4665,0.3,4745,484.95
541,4800,4800,045520,20150317,5050,4730,0.0,4800,407.22
542,4940,4940,045520,20150318,4995,4815,0.0,4850,355.38
543,4875,4875,045520,20150319,5040,4760,1.47,5000,217.58
544,4935,4935,045520,20150320,4980,4835,0.28,4895,140.42
545,4955,4955,045520,20150323,5050,4920,0.0,5050,167.62
546,4915,4915,045520,20150324,4970,4860,0.0,4970,130.05
547,4810,4810,045520,20150325,4940,4800,0.0,4875,133.74
548,4740,4740,045520,20150326,4810,4670,0.3,4720,151.47
549,4780,4780,045520,20150327,4845,4725,0.0,4795,115.47
550,4800,4800,045520,20150330,4850,4765,0.0,4765,68.84
551,4650,4650,045520,20150331,4820,4645,0.0,4810,129.02
552,4815,4815,045520,20150401,4885,4680,0.0,4725,163.59
553,4880,4880,045520,20150402,4955,4805,0.0,4805,140.06
554,4945,4945,045520,20150403,4945,4850,0.0,4855,115.43
555,4910,4910,045520,20150406,4970,4890,0.0,4965,73.68
556,4870,4870,045520,20150407,4930,4805,0.0,4880,86.83
557,4890,4890,045520,20150408,4970,4890,0.25,4890,67.75
558,4845,4845,045520,20150409,4890,4800,0.0,4890,51.08
559,4785,4785,045520,20150410,4925,4760,0.0,4845,76.08
560,4700,4700,045520,20150413,4760,4580,0.0,4760,241.12
561,4690,4690,045520,20150414,4755,4605,0.0,4700,93.09
562,4795,4795,045520,20150415,4800,4625,0.0,4625,75.48
563,5150,5150,045520,20150416,5510,4850,0.0,4850,1367.46
564,5180,5180,045520,20150417,5640,5130,0.0,5250,673.59
565,5210,5210,045520,20150420,5270,5050,0.0,5140,206.47
566,5910,5910,045520,20150421,5910,5250,0.47,5250,626.48
567,5480,5480,045520,20150422,6150,5040,1.34,6120,567.5
568,5260,5260,045520,20150423,5500,5110,0.2,5460,298.23
569,5180,5180,045520,20150424,5350,5080,0.0,5260,117.08
570,5230,5230,045520,20150427,5350,5130,0.0,5140,105.27
571,5090,5090,045520,20150428,5190,5020,0.0,5130,122.2
572,5010,5010,045520,20150429,5090,4915,0.0,5000,90.0
573,5080,5080,045520,20150430,5160,5050,0.0,5150,63.76
574,4990,4990,045520,20150504,5200,4930,0.0,5090,39.65
575,5090,5090,045520,20150506,5110,4870,0.0,4990,49.91
576,5100,5100,045520,20150507,5120,4980,0.0,5120,37.28
577,5130,5130,045520,20150508,5330,5110,0.25,5140,69.28
578,5270,5270,045520,20150511,5270,5100,0.0,5100,45.04
579,5360,5360,045520,20150512,5540,5300,3.21,5380,128.67
580,5450,5450,045520,20150513,5490,5390,3.85,5390,62.8
581,5400,5400,045520,20150514,5540,5360,2.38,5450,32.21
582,5470,5470,045520,20150515,5470,5340,0.0,5410,57.84
583,5020,5020,045520,20150518,5540,5000,2.0,5530,208.84
584,5050,5050,045520,20150519,5050,4955,0.0,5020,42.34
585,5050,5050,045520,20150520,5190,4980,3.12,5000,108.67
586,4970,4970,045520,20150521,5090,4970,0.0,5080,54.44
587,5000,5000,045520,20150522,5350,4990,0.0,5110,148.57
588,4895,4895,045520,20150526,5050,4870,0.0,5000,48.76
589,4785,4785,045520,20150527,4995,4675,0.0,4930,129.39
590,4680,4680,045520,20150528,4785,4520,0.0,4735,107.89
591,5370,5370,045520,20150529,5380,4685,0.0,4730,591.1
592,6120,6120,045520,20150601,6170,5420,0.0,5870,1742.84
593,7030,7030,045520,20150602,7030,6870,0.14,7020,517.39
594,6650,6650,045520,20150603,8030,5990,0.0,7030,4763.57
595,6600,6600,045520,20150604,7640,6080,0.36,6750,11759.43
596,6700,6700,045520,20150605,7500,5950,15.59,7180,7885.0
597,5700,5700,045520,20150608,6740,5700,1.25,6450,3472.15
598,4850,4850,045520,20150609,5330,4850,4.15,5080,4958.96
599,4525,4525,045520,20150610,4835,4370,16.58,4770,3248.15
600,4355,4355,045520,20150611,4690,4355,8.0,4580,2373.08
601,4140,4140,045520,20150612,4415,4020,0.0,4390,1371.31
602,4180,4180,045520,20150615,4405,4140,17.45,4200,1775.67
603,3980,3980,045520,20150616,4225,3900,0.08,4220,800.07
604,4100,4100,045520,20150617,4125,3925,11.94,3930,970.65
605,4035,4035,045520,20150618,4105,4000,0.25,4070,543.49
606,4150,4150,045520,20150619,4275,4045,0.26,4075,846.9
607,4060,4060,045520,20150622,4100,3995,0.07,4100,331.62
608,4080,4080,045520,20150623,4240,4030,0.0,4105,393.1
609,4180,4180,045520,20150624,4245,4070,0.0,4100,435.38
610,4275,4275,045520,20150625,4350,4150,4.85,4215,371.92
611,4365,4365,045520,20150626,4475,4180,14.34,4275,917.83
612,4210,4210,045520,20150629,4345,4185,0.16,4345,326.22
613,4275,4275,045520,20150630,4330,4130,0.67,4170,222.63
614,4405,4405,045520,20150701,4470,4250,0.0,4320,266.51
615,4530,4530,045520,20150702,4675,4415,7.06,4475,442.19
616,4555,4555,045520,20150703,4670,4410,0.82,4590,282.8
617,4755,4755,045520,20150706,4755,4470,1.01,4545,402.68
618,6180,6180,045520,20150707,6180,4985,5.27,5000,2543.61
619,6240,6240,045520,20150708,7350,6110,1.27,7100,3259.31
620,6570,6570,045520,20150709,6680,6150,0.41,6410,1306.75
621,6180,6180,045520,20150710,6620,6180,0.0,6490,650.0
622,7000,7000,045520,20150713,7040,6420,4.9,6440,1168.45
623,7000,7000,045520,20150714,7000,7000,0.0,7000,0.0
624,6900,6900,045520,20150715,7550,6500,0.0,6630,989.18
625,6300,6300,045520,20150716,7180,6110,0.05,7040,904.11
626,6610,6610,045520,20150717,7010,6420,2.36,6440,569.87
627,7120,7120,045520,20150720,7470,6630,1.18,6650,556.73
628,6930,6930,045520,20150721,7170,6650,0.59,7120,245.44
629,7030,7030,045520,20150722,7270,6930,3.21,6980,261.39
630,7110,7110,045520,20150723,7780,6950,0.0,6950,575.97
631,7100,7100,045520,20150724,7300,6990,1.06,7130,140.63
632,7280,7280,045520,20150727,7280,6810,1.92,7110,193.33
633,7340,7340,045520,20150728,7440,7150,5.7,7210,262.63
634,6980,6980,045520,20150729,7420,6820,0.45,7420,225.96
635,6690,6690,045520,20150730,7110,6620,0.22,7000,93.62
636,6300,6300,045520,20150731,6900,6200,2.95,6700,191.3
637,6500,6500,045520,20150803,6980,6460,4.06,6470,154.81
638,6990,6990,045520,20150804,7000,6510,0.0,6510,147.65
639,7000,7000,045520,20150805,8000,6710,4.49,7650,398.85
640,7040,7040,045520,20150806,7170,7000,3.0,7100,125.74
641,6900,6900,045520,20150807,7070,6830,0.0,7040,68.65
642,6790,6790,045520,20150810,7220,6770,0.0,6870,246.93
643,6770,6770,045520,20150811,6960,6520,0.0,6520,104.84
644,6560,6560,045520,20150812,6800,6380,0.27,6800,475.93
645,6790,6790,045520,20150813,6820,6530,0.0,6670,91.79
646,6370,6370,045520,20150817,6790,6370,0.0,6790,77.68
647,5080,5080,045520,20150818,6370,4955,0.0,6240,659.75
648,5090,5090,045520,20150819,5450,4750,0.0,4900,310.85
649,4995,4995,045520,20150820,5280,4900,0.0,4900,235.28
650,4110,4110,045520,20150821,4930,3980,0.79,4500,811.87
651,4140,4140,045520,20150824,4270,3980,0.48,4080,342.22
652,4325,4325,045520,20150825,4425,4195,0.0,4270,298.1
653,4365,4365,045520,20150826,4425,4260,0.0,4360,279.68
654,4680,4680,045520,20150827,4990,4450,1.3,4455,371.86
655,4770,4770,045520,20150828,4845,4680,0.0,4750,152.62
656,4575,4575,045520,20150831,4780,4545,0.0,4780,206.9
657,4385,4385,045520,20150901,4655,4365,1.52,4590,218.09
658,4520,4520,045520,20150902,4550,4200,1.18,4295,243.11
659,4470,4470,045520,20150903,4615,4460,0.8,4590,254.29
660,4310,4310,045520,20150904,4515,4285,0.0,4485,231.7
661,4460,4460,045520,20150907,4565,4295,0.0,4325,187.42
662,4325,4325,045520,20150908,4460,4230,0.0,4460,212.16
663,4370,4370,045520,20150909,4435,4295,0.0,4400,228.66
664,4595,4595,045520,20150910,4610,4340,0.0,4360,240.33
665,4615,4615,045520,20150911,4660,4545,0.29,4580,145.88
666,4580,4580,045520,20150914,4655,4460,0.0,4630,128.61
667,4860,4860,045520,20150915,4870,4555,0.0,4600,428.6
668,4990,4990,045520,20150916,4990,4770,0.0,4850,199.32
669,4710,4710,045520,20150917,4990,4710,0.0,4990,220.52
670,4865,4865,045520,20150918,4865,4640,0.0,4680,208.37
671,4750,4750,045520,20150921,4875,4670,0.0,4860,153.62
672,4810,4810,045520,20150922,4890,4725,0.0,4725,231.69
673,4585,4585,045520,20150923,4815,4575,0.0,4800,171.0
674,4595,4595,045520,20150924,4710,4570,0.0,4590,149.78
675,4510,4510,045520,20150925,4680,4475,0.0,4565,101.1
676,4490,4490,045520,20150930,4540,4335,0.0,4495,106.62
677,4665,4665,045520,20151001,4665,4480,0.0,4500,130.66
678,4715,4715,045520,20151002,4815,4590,0.0,4665,216.66
679,4705,4705,045520,20151005,4780,4680,0.0,4720,112.84
680,4645,4645,045520,20151006,4790,4640,0.0,4790,123.69
681,4650,4650,045520,20151007,4670,4550,0.0,4645,99.2
682,4600,4600,045520,20151008,4675,4570,0.2,4675,134.97
683,4580,4580,045520,20151012,4660,4575,0.0,4600,100.82
684,4660,4660,045520,20151013,4800,4620,0.2,4680,210.9
685,4690,4690,045520,20151014,4735,4610,0.27,4630,97.08
686,4900,4900,045520,20151015,4935,4675,0.55,4695,268.22
687,4800,4800,045520,20151016,4920,4760,0.07,4915,134.91
688,4950,4950,045520,20151019,4975,4800,0.0,4800,226.68
689,5070,5070,045520,20151020,5180,4945,0.0,5080,292.32
690,5050,5050,045520,20151021,5100,4985,0.35,5070,185.89
691,4875,4875,045520,20151022,5190,4865,0.0,5100,306.08
692,4980,4980,045520,20151023,5010,4855,0.0,4860,141.93
693,4785,4785,045520,20151026,4980,4785,0.7,4980,177.46
694,4750,4750,045520,20151027,4875,4750,0.0,4785,85.09
695,4615,4615,045520,20151028,4805,4600,0.18,4760,156.83
696,4640,4640,045520,20151029,4680,4600,0.51,4615,99.38
697,4510,4510,045520,20151030,4680,4490,0.0,4650,100.37
698,4580,4580,045520,20151102,4595,4440,0.0,4510,134.18
699,4450,4450,045520,20151103,4580,4445,0.0,4580,200.4
700,4550,4550,045520,20151104,4550,4400,0.0,4455,90.91
701,4535,4535,045520,20151105,4605,4510,0.0,4565,113.59
702,4510,4510,045520,20151106,4550,4475,0.0,4520,92.27
703,4335,4335,045520,20151109,4500,4215,0.0,4500,230.57
704,4220,4220,045520,20151110,4430,4160,0.0,4250,197.25
705,4335,4335,045520,20151111,4360,4255,0.0,4290,107.93
706,4390,4390,045520,20151112,4400,4315,0.0,4335,71.47
707,4445,4445,045520,20151113,4445,4300,0.3,4380,86.45
708,4240,4240,045520,20151116,4405,4200,0.7,4350,129.91
709,4340,4340,045520,20151117,4375,4245,0.0,4245,86.54
710,4460,4460,045520,20151118,4475,4345,0.0,4345,79.9
711,4455,4455,045520,20151119,4495,4395,0.0,4465,62.08
712,4470,4470,045520,20151120,4485,4410,0.0,4440,46.75
713,4430,4430,045520,20151123,4485,4400,0.0,4480,41.35
714,4380,4380,045520,20151124,4430,4330,0.0,4430,101.87
715,4490,4490,045520,20151125,4520,4335,0.0,4395,125.84
716,4495,4495,045520,20151126,4500,4450,0.0,4480,64.2
717,4530,4530,045520,20151127,4575,4495,0.0,4500,64.16
718,4465,4465,045520,20151130,4555,4400,0.0,4555,102.34
719,4475,4475,045520,20151201,4500,4400,0.0,4465,33.38
720,4680,4680,045520,20151202,4695,4445,0.0,4500,162.28
721,4680,4680,045520,20151203,4810,4585,0.0,4700,190.59
722,4620,4620,045520,20151204,4680,4530,0.0,4680,87.46
723,4575,4575,045520,20151207,4670,4575,0.0,4630,43.53
724,4530,4530,045520,20151208,4600,4480,0.0,4575,75.84
725,4715,4715,045520,20151209,4855,4515,0.0,4590,302.26
726,4560,4560,045520,20151210,4710,4500,0.0,4710,157.14
727,4450,4450,045520,20151211,4650,4425,0.0,4580,99.68
728,4315,4315,045520,20151214,4415,4280,0.0,4415,102.76
729,4450,4450,045520,20151215,4460,4320,0.0,4320,58.87
730,4460,4460,045520,20151216,4510,4420,0.0,4430,46.55
731,4535,4535,045520,20151217,4535,4430,0.0,4505,44.98
732,4600,4600,045520,20151218,4610,4460,0.0,4510,60.42
733,4685,4685,045520,20151221,4710,4595,0.0,4620,82.96
734,4610,4610,045520,20151222,4820,4570,0.0,4785,184.44
735,4600,4600,045520,20151223,4660,4575,0.0,4625,68.5
736,4600,4600,045520,20151224,4700,4585,0.0,4625,94.81
737,4635,4635,045520,20151228,4670,4570,0.0,4605,69.67
738,4660,4660,045520,20151229,4680,4575,0.0,4630,57.86
739,4760,4760,045520,20151230,4775,4645,0.0,4675,101.5
740,4715,4715,045520,20160104,4815,4695,0.0,4810,133.31
741,4715,4715,045520,20160105,4775,4650,0.0,4715,68.6
742,4785,4785,045520,20160106,4820,4650,0.03,4715,117.95
743,4725,4725,045520,20160107,4810,4685,0.0,4780,69.0
744,4730,4730,045520,20160108,4765,4600,0.0,4650,85.38
745,4700,4700,045520,20160111,4800,4655,0.0,4735,70.3
746,4850,4850,045520,20160112,4895,4645,0.0,4700,183.29
747,4860,4860,045520,20160113,4960,4815,0.0,4935,140.54
748,4825,4825,045520,20160114,4850,4750,0.0,4830,69.23
749,4800,4800,045520,20160115,4900,4745,0.0,4830,73.77
750,4815,4815,045520,20160118,4815,4700,0.07,4800,65.1
751,4800,4800,045520,20160119,4835,4760,0.0,4815,41.03
752,4650,4650,045520,20160120,4805,4585,0.95,4800,107.29
753,4600,4600,045520,20160121,4680,4515,0.97,4610,47.99
754,4655,4655,045520,20160122,4675,4575,0.0,4600,35.12
755,4700,4700,045520,20160125,4755,4650,0.0,4660,42.04
756,4700,4700,045520,20160126,4715,4655,0.0,4700,40.9
757,4725,4725,045520,20160127,4760,4700,0.0,4740,51.71
758,4820,4820,045520,20160128,4825,4700,0.0,4720,84.06
759,5120,5120,045520,20160129,5290,4770,0.19,4840,680.34
760,5460,5460,045520,20160201,6040,5120,1.79,5180,1887.37
761,5280,5280,045520,20160202,5550,5170,0.81,5460,340.39
762,5600,5600,045520,20160203,5760,5200,1.75,5240,602.47
763,5540,5540,045520,20160204,5750,5430,6.6,5720,265.2
764,5300,5300,045520,20160205,5600,5150,1.83,5600,285.01
765,5490,5490,045520,20160211,5670,4780,0.0,5080,1209.53
766,5000,5000,045520,20160212,5480,4975,2.4,5450,467.05
767,5130,5130,045520,20160215,5210,5000,2.1,5020,197.46
768,5100,5100,045520,20160216,5250,5100,2.1,5160,111.01
769,5430,5430,045520,20160217,5510,5070,0.39,5170,637.92
770,5500,5500,045520,20160218,5560,5330,1.48,5460,258.95
771,5520,5520,045520,20160219,5620,5410,2.44,5500,185.13
772,5420,5420,045520,20160222,5630,5340,0.48,5630,170.44
773,5300,5300,045520,20160223,5550,5300,0.73,5500,134.37
774,5390,5390,045520,20160224,5450,5260,0.0,5300,100.78
775,5340,5340,045520,20160225,5480,5320,0.0,5450,123.41
776,5420,5420,045520,20160226,5530,5320,0.0,5430,181.45
777,5820,5820,045520,20160229,5900,5400,0.0,5450,709.77
778,5710,5710,045520,20160302,5860,5670,0.0,5750,343.32
779,5680,5680,045520,20160303,5790,5590,0.0,5790,213.62
780,5990,5990,045520,20160304,5990,5630,0.0,5710,399.91
781,5590,5590,045520,20160307,6230,5590,0.18,6080,1391.66
782,5400,5400,045520,20160308,5630,5350,0.02,5550,414.58
783,5330,5330,045520,20160309,5430,5330,1.3,5400,162.51
784,5390,5390,045520,20160310,5410,5270,0.02,5300,106.43
785,5430,5430,045520,20160311,5430,5300,0.5,5360,117.91
786,5390,5390,045520,20160314,5490,5370,0.0,5400,106.12
787,5360,5360,045520,20160315,5450,5350,0.29,5400,91.48
788,5190,5190,045520,20160316,5400,5160,0.11,5400,220.69
789,5370,5370,045520,20160317,5370,5190,0.0,5220,121.32
790,5440,5440,045520,20160318,5480,5340,0.0,5390,144.07
791,5350,5350,045520,20160321,5490,5310,0.0,5480,116.98
792,5490,5490,045520,20160322,5770,5340,1.56,5360,497.02
793,5320,5320,045520,20160323,5510,5300,0.12,5500,134.27
794,5260,5260,045520,20160324,5350,5240,1.03,5340,79.21
795,5290,5290,045520,20160325,5300,5170,0.63,5250,90.05
796,5310,5310,045520,20160328,5420,5240,0.44,5240,110.4
797,5380,5380,045520,20160329,5390,5320,0.3,5350,59.23
798,5420,5420,045520,20160330,5500,5390,1.6,5410,119.12
799,5380,5380,045520,20160331,5880,5340,0.0,5470,484.97
800,5310,5310,045520,20160401,5420,5300,8.26,5390,126.61
801,5500,5500,045520,20160404,5500,5310,2.39,5330,94.11
802,5500,5500,045520,20160405,5500,5350,1.94,5500,97.55
803,5460,5460,045520,20160406,5590,5410,0.0,5500,116.98
804,5360,5360,045520,20160407,5490,5310,0.0,5450,140.14
805,5300,5300,045520,20160408,5420,5260,0.0,5320,80.79
806,5400,5400,045520,20160411,5460,5270,0.0,5270,90.07
807,5340,5340,045520,20160412,5430,5300,0.0,5400,75.31
808,5350,5350,045520,20160414,5370,5280,0.0,5350,70.5
809,5300,5300,045520,20160415,5370,5250,0.0,5350,90.95
810,5190,5190,045520,20160418,5300,5170,0.64,5300,111.37
811,5230,5230,045520,20160419,5250,5140,0.65,5200,57.64
812,5170,5170,045520,20160420,5270,5140,0.0,5270,52.68
813,5150,5150,045520,20160421,5190,5070,0.0,5190,188.03
814,5190,5190,045520,20160422,5190,5100,0.0,5160,56.23
815,5320,5320,045520,20160425,5390,5180,0.0,5290,238.51
816,5360,5360,045520,20160426,5450,5290,0.0,5360,217.83
817,5440,5440,045520,20160427,5590,5360,0.0,5360,327.23
818,5340,5340,045520,20160428,5510,5300,0.0,5450,125.18
819,5320,5320,045520,20160429,5380,5230,0.0,5380,95.99
820,5250,5250,045520,20160502,5380,5230,2.31,5320,71.71
821,5270,5270,045520,20160503,5280,5160,0.0,5250,62.83
822,5350,5350,045520,20160504,5370,5220,0.1,5250,108.14
823,5660,5660,045520,20160509,6540,5330,14.1,5370,4966.29
824,5830,5830,045520,20160510,5940,5550,5.08,5700,1356.2
825,5790,5790,045520,20160511,5930,5720,1.92,5750,480.15
826,6120,6120,045520,20160512,6120,5700,2.31,5760,687.97
827,5830,5830,045520,20160513,6300,5830,2.45,6200,603.43
828,5600,5600,045520,20160516,5780,5540,0.0,5770,393.54
829,5620,5620,045520,20160517,5700,5570,0.0,5580,203.71
830,5530,5530,045520,20160518,5700,5440,0.0,5700,176.59
831,5350,5350,045520,20160519,5600,5350,0.0,5500,141.07
832,5420,5420,045520,20160520,5560,5340,0.0,5360,107.18
833,5530,5530,045520,20160523,5630,5380,0.0,5380,95.69
834,5410,5410,045520,20160524,5600,5380,0.0,5530,106.42
835,5340,5340,045520,20160525,5540,5280,0.54,5530,166.5
836,5440,5440,045520,20160526,5450,5320,0.0,5330,86.06
837,5670,5670,045520,20160527,5700,5400,0.0,5400,155.41
838,5900,5900,045520,20160530,6040,5620,1.0,5740,439.02
839,5960,5960,045520,20160531,6190,5880,2.37,5950,537.89
840,7740,7740,045520,20160601,7740,6050,0.0,6050,9105.0
841,7480,7480,045520,20160602,7880,7100,0.23,7830,3988.12
842,6880,6880,045520,20160603,8110,6790,3.45,7650,4878.54
843,7150,7150,045520,20160607,7150,6670,1.87,7050,1353.15
844,6870,6870,045520,20160608,7410,6800,2.38,7030,1627.07
845,6710,6710,045520,20160609,6770,6520,1.17,6620,647.92
846,6730,6730,045520,20160610,7070,6670,3.01,6800,776.37
847,6530,6530,045520,20160613,6660,6350,0.0,6630,563.29
848,6350,6350,045520,20160614,6670,6290,0.0,6460,367.48
849,6360,6360,045520,20160615,6460,6210,0.0,6360,359.25
850,6010,6010,045520,20160616,6630,5890,1.02,6430,766.45
851,6200,6200,045520,20160617,6750,6010,1.84,6060,2867.98
852,6350,6350,045520,20160620,6430,6220,2.95,6250,388.31
853,6080,6080,045520,20160621,6440,6000,0.0,6440,400.94
854,6280,6280,045520,20160622,6350,6000,0.0,6050,400.1
855,6060,6060,045520,20160623,6280,5950,1.87,6280,242.82
856,5670,5670,045520,20160624,6310,5480,2.58,6140,595.28
857,5670,5670,045520,20160627,5800,5300,0.28,5300,250.94
858,5770,5770,045520,20160628,5820,5570,0.0,5570,139.27
859,5830,5830,045520,20160629,6010,5800,0.0,5860,155.33
860,6120,6120,045520,20160630,6750,5880,3.93,5900,2581.14
861,6070,6070,045520,20160701,6300,6060,0.0,6120,429.47
862,6100,6100,045520,20160704,6260,6050,0.0,6080,205.71
863,6230,6230,045520,20160705,6250,6070,0.0,6100,202.29
864,6140,6140,045520,20160706,6390,6050,0.0,6190,325.32
865,6220,6220,045520,20160707,6370,6150,0.0,6160,218.49
866,6230,6230,045520,20160708,6330,6100,0.0,6260,159.81
867,6450,6450,045520,20160711,6470,6140,0.0,6230,363.31
868,6400,6400,045520,20160712,6490,6320,0.0,6450,198.21
869,6370,6370,045520,20160713,6470,6340,0.0,6430,152.97
870,6240,6240,045520,20160714,6420,6210,0.0,6420,134.15
871,6190,6190,045520,20160715,6400,6170,0.62,6240,107.14
872,6370,6370,045520,20160718,6430,6170,0.5,6230,128.09
873,6300,6300,045520,20160719,6440,6250,0.0,6320,92.51
874,6640,6640,045520,20160720,6740,6230,5.72,6310,459.7
875,6470,6470,045520,20160721,7720,6430,19.4,7300,2508.68
876,6300,6300,045520,20160722,6620,6230,1.8,6550,449.03
877,6360,6360,045520,20160725,6560,6340,1.13,6430,259.03
878,6350,6350,045520,20160726,6440,6290,0.0,6330,159.97
879,6240,6240,045520,20160727,6380,6200,0.0,6310,204.18
880,6270,6270,045520,20160728,6300,6180,0.0,6180,105.4
881,6230,6230,045520,20160729,6370,6220,0.0,6240,144.78
882,6290,6290,045520,20160801,6310,6210,0.0,6270,60.98
883,6320,6320,045520,20160802,6380,6270,0.0,6310,110.83
884,6280,6280,045520,20160803,6360,6210,0.23,6330,76.64
885,6270,6270,045520,20160804,6320,6230,0.43,6280,94.88
886,6420,6420,045520,20160805,6420,6240,0.43,6280,105.61
887,6360,6360,045520,20160808,6480,6340,0.0,6460,119.49
888,6350,6350,045520,20160809,6430,6250,0.0,6390,113.19
889,6380,6380,045520,20160810,6480,6310,0.0,6320,143.85
890,6430,6430,045520,20160811,6490,6380,0.0,6410,86.18
891,6400,6400,045520,20160812,6550,6370,0.0,6460,139.25
892,6410,6410,045520,20160816,6460,6370,0.0,6390,57.37
893,6350,6350,045520,20160817,6440,6340,0.0,6360,84.09
894,6280,6280,045520,20160818,6450,6260,0.02,6340,90.0
895,6110,6110,045520,20160819,6280,6100,0.0,6230,178.18
896,6040,6040,045520,20160822,6150,6040,0.0,6120,55.9
897,6120,6120,045520,20160823,6160,6000,0.0,6090,63.73
898,6160,6160,045520,20160824,6220,6060,2.15,6100,45.63
899,6180,6180,045520,20160825,6240,6130,0.0,6160,63.94
900,6160,6160,045520,20160826,6280,6140,0.0,6180,75.12
901,5970,5970,045520,20160829,6160,5970,0.0,6100,96.52
902,6100,6100,045520,20160830,6160,5950,0.0,5970,29.64
903,6080,6080,045520,20160831,6170,5960,0.0,6100,46.93
904,6080,6080,045520,20160901,6080,5990,0.0,6010,52.87
905,6150,6150,045520,20160902,6230,6040,0.0,6100,47.22
906,6280,6280,045520,20160905,6330,6160,0.0,6160,77.64
907,6390,6390,045520,20160906,6440,6260,0.39,6320,127.65
908,6330,6330,045520,20160907,6530,6280,0.22,6450,156.51
909,6130,6130,045520,20160908,6420,6080,0.0,6330,104.27
910,6080,6080,045520,20160909,6170,6040,0.0,6130,67.57
911,6000,6000,045520,20160912,6070,5950,0.08,6010,69.61
912,6170,6170,045520,20160913,6180,6010,0.3,6010,43.09
913,6120,6120,045520,20160919,6190,6080,0.0,6170,39.59
914,6320,6320,045520,20160920,6380,6110,0.1,6110,85.99
915,6400,6400,045520,20160921,6400,6230,0.0,6380,67.05
916,6350,6350,045520,20160922,6400,6250,0.0,6400,71.34
917,6330,6330,045520,20160923,6410,6290,0.0,6320,29.12
918,6400,6400,045520,20160926,6490,6330,0.0,6350,111.85
919,6370,6370,045520,20160927,6870,6370,0.9,6440,628.1
920,6380,6380,045520,20160928,6430,6300,0.02,6400,117.32
921,6320,6320,045520,20160929,6430,6280,0.0,6420,71.08
922,6340,6340,045520,20160930,6410,6260,0.54,6270,63.05
923,6690,6690,045520,20161004,6920,6330,0.29,6340,708.91
924,6670,6670,045520,20161005,6700,6550,0.04,6670,173.53
925,6710,6710,045520,20161006,6730,6580,0.47,6730,110.47
926,6490,6490,045520,20161007,6830,6490,0.0,6710,175.24
927,6560,6560,045520,20161010,6600,6410,0.0,6410,62.71
928,6520,6520,045520,20161011,6730,6470,0.0,6560,135.99
929,6570,6570,045520,20161012,6680,6450,0.0,6540,78.45
930,6470,6470,045520,20161013,6630,6460,0.78,6550,76.94
931,6350,6350,045520,20161014,6540,6330,0.63,6540,80.82
932,6330,6330,045520,20161017,6460,6330,0.33,6350,65.82
933,6400,6400,045520,20161018,6400,6270,0.88,6330,32.48
934,6320,6320,045520,20161019,6410,6300,0.88,6410,58.26
935,6250,6250,045520,20161020,6370,6240,0.17,6320,40.88
936,6200,6200,045520,20161021,6280,6120,0.0,6270,107.75
937,6080,6080,045520,20161024,6230,6020,0.0,6200,85.16
938,6140,6140,045520,20161025,6140,6030,0.0,6070,50.23
939,6100,6100,045520,20161026,6140,6000,0.0,6140,56.64
940,6100,6100,045520,20161027,6200,6010,0.0,6040,40.11
941,6070,6070,045520,20161028,6160,6020,0.0,6110,26.86
942,5780,5780,045520,20161031,6010,5780,0.07,6010,115.33
943,5830,5830,045520,20161101,5920,5650,0.0,5660,62.77
944,5470,5470,045520,20161102,5870,5470,0.0,5790,88.08
945,5660,5660,045520,20161103,5720,5300,0.0,5300,235.67
946,5700,5700,045520,20161104,5750,5620,0.0,5620,41.02
947,5960,5960,045520,20161107,5960,5720,0.19,5720,83.93
948,5930,5930,045520,20161108,6020,5900,0.0,5980,35.12
949,5650,5650,045520,20161109,5980,5400,0.0,5940,230.96
950,5790,5790,045520,20161110,5860,5720,0.0,5720,72.35
951,5900,5900,045520,20161111,6000,5810,0.0,5850,72.56
952,5930,5930,045520,20161114,5970,5830,0.0,5970,45.63
953,5850,5850,045520,20161115,5920,5790,0.0,5830,65.74
954,5880,5880,045520,20161116,5890,5820,0.0,5850,42.18
955,5910,5910,045520,20161117,5940,5840,0.0,5880,25.1
956,5870,5870,045520,20161118,5960,5840,0.0,5910,49.22
957,5910,5910,045520,20161121,6090,5880,0.26,5910,162.51
958,5930,5930,045520,20161122,6030,5900,0.53,5920,52.58
959,5730,5730,045520,20161123,5970,5720,0.0,5950,75.29
960,5690,5690,045520,20161124,5800,5610,0.0,5710,52.64
961,5700,5700,045520,20161125,5740,5650,0.0,5650,23.63
962,5700,5700,045520,20161128,5780,5700,0.0,5720,18.38
963,5640,5640,045520,20161129,5760,5580,0.0,5630,48.0
964,5680,5680,045520,20161130,5700,5590,0.0,5620,19.48
965,5620,5620,045520,20161201,5720,5610,0.16,5670,38.35
966,5530,5530,045520,20161202,5650,5500,0.0,5600,36.32
967,5430,5430,045520,20161205,5560,5370,0.0,5500,50.0
968,5400,5400,045520,20161206,5480,5400,0.0,5420,37.73
969,5440,5440,045520,20161207,5470,5380,0.0,5400,36.03
970,5470,5470,045520,20161208,5520,5410,0.0,5440,20.62
971,5540,5540,045520,20161209,5540,5440,0.0,5480,43.91
972,5620,5620,045520,20161212,5630,5540,0.0,5540,39.94
973,5670,5670,045520,20161213,5690,5580,0.0,5620,22.49
974,5670,5670,045520,20161214,5700,5630,0.0,5640,23.69
975,5720,5720,045520,20161215,5730,5630,0.0,5670,30.29
976,5770,5770,045520,20161216,5790,5650,0.0,5720,43.84
977,5840,5840,045520,20161219,5850,5760,0.0,5760,44.81
978,5850,5850,045520,20161220,5950,5780,0.0,5820,65.38
979,5820,5820,045520,20161221,5870,5750,0.0,5810,37.57
980,5760,5760,045520,20161222,5840,5690,0.0,5840,32.49
981,5830,5830,045520,20161223,5830,5670,0.0,5760,27.72
982,5760,5760,045520,20161226,5800,5710,0.0,5800,43.32
983,5780,5780,045520,20161227,5780,5710,0.0,5760,21.02
984,5830,5830,045520,20161228,5870,5720,0.0,5780,35.68
985,5850,5850,045520,20161229,5890,5770,0.0,5820,18.62
986,5830,5830,045520,20170102,5900,5800,0.0,5880,44.99
987,6020,6020,045520,20170103,6020,5830,0.0,5890,60.21
988,5990,5990,045520,20170104,6080,5960,0.0,6080,54.79
989,5900,5900,045520,20170105,6010,5900,0.0,6010,45.86
990,5950,5950,045520,20170106,5960,5880,0.0,5920,31.19
991,5980,5980,045520,20170109,5990,5890,0.0,5920,34.74
992,5990,5990,045520,20170110,5990,5930,0.0,5950,23.9
993,5960,5960,045520,20170111,6000,5900,0.0,5930,45.76
994,5950,5950,045520,20170112,5980,5890,0.0,5980,28.14
995,5990,5990,045520,20170113,6000,5870,0.0,5940,28.34
996,5980,5980,045520,20170116,6030,5940,0.0,6030,32.59
997,5980,5980,045520,20170117,6060,5920,0.0,5940,68.06
998,6000,6000,045520,20170118,6030,5920,0.0,5990,51.73
999,6080,6080,045520,20170119,6240,6000,0.0,6040,172.69
1000,6140,6140,045520,20170120,6210,6010,0.0,6050,100.34
1001,6100,6100,045520,20170123,6160,6070,0.0,6140,53.03
1002,6100,6100,045520,20170124,6170,6030,0.0,6150,72.8
1003,6110,6110,045520,20170125,6150,6050,0.0,6150,32.03
1004,6120,6120,045520,20170126,6150,6030,0.0,6110,45.52
1005,6120,6120,045520,20170131,6170,6070,0.0,6170,33.68
1006,6170,6170,045520,20170201,6180,6070,0.0,6140,41.0
1007,6050,6050,045520,20170202,6140,5900,0.0,6120,83.86
1008,5980,5980,045520,20170203,6100,5970,0.0,6050,48.27
1009,6090,6090,045520,20170206,6100,5930,0.0,5980,44.46
1010,6040,6040,045520,20170207,6110,6000,0.0,6090,32.74
1011,6020,6020,045520,20170208,6050,5930,0.0,6040,35.8
1012,6000,6000,045520,20170209,6050,5950,0.0,6050,23.45
1013,5950,5950,045520,20170210,6050,5920,0.0,6000,58.77
1014,5910,5910,045520,20170213,6000,5900,0.0,6000,57.75
1015,5980,5980,045520,20170214,6010,5910,0.0,5910,29.51
1016,6020,6020,045520,20170215,6040,5960,0.0,5990,46.21
1017,6020,6020,045520,20170216,6090,5990,0.0,6080,33.26
1018,6080,6080,045520,20170217,6080,6000,0.0,6020,28.32
1019,6100,6100,045520,20170220,6150,6030,0.0,6110,38.45
1020,6080,6080,045520,20170221,6140,6020,0.0,6140,40.42
1021,6070,6070,045520,20170222,6100,6030,0.0,6100,21.0
1022,6050,6050,045520,20170223,6080,6010,0.0,6040,20.52
1023,5990,5990,045520,20170224,6060,5980,0.0,6050,38.3
1024,5940,5940,045520,20170227,5990,5920,0.0,5990,33.21
1025,5950,5950,045520,20170228,6000,5950,0.0,5950,20.91
1026,6000,6000,045520,20170302,6030,5930,0.0,5950,25.49
1027,5840,5840,045520,20170303,6020,5830,0.0,6000,64.01
1028,5840,5840,045520,20170306,5880,5760,0.0,5830,27.34
1029,5840,5840,045520,20170307,5850,5770,0.0,5840,25.11
1030,5860,5860,045520,20170308,5860,5790,0.0,5830,25.86
1031,5900,5900,045520,20170309,5920,5790,0.0,5860,32.54
1032,5940,5940,045520,20170310,5940,5810,0.0,5920,30.14
1033,6030,6030,045520,20170313,6040,5920,0.0,5990,52.85
1034,5990,5990,045520,20170314,6070,5980,0.0,6050,26.04
1035,5910,5910,045520,20170315,5990,5890,0.0,5990,33.29
1036,5970,5970,045520,20170316,5970,5860,0.0,5870,24.01
1037,5990,5990,045520,20170317,6040,5930,0.0,6030,65.52
1038,6120,6120,045520,20170320,6440,6000,0.82,6080,569.72
1039,6290,6290,045520,20170321,6290,6050,0.0,6130,163.24
1040,6250,6250,045520,20170322,6280,6160,0.0,6170,164.03
1041,6290,6290,045520,20170323,6300,6200,0.0,6250,103.05
1042,6170,6170,045520,20170324,6300,6080,0.0,6220,175.92
1043,6130,6130,045520,20170327,6170,6090,0.0,6170,57.79
1044,6500,6500,045520,20170328,6500,6100,0.0,6130,396.01
1045,6320,6320,045520,20170329,6560,6310,0.0,6440,451.51
1046,6480,6480,045520,20170330,6550,6340,0.0,6340,289.22
1047,6480,6480,045520,20170331,6540,6400,0.0,6460,159.68
1048,6530,6530,045520,20170403,6570,6350,1.17,6560,167.52
1049,6390,6390,045520,20170404,6710,6390,2.4,6560,424.1
1050,6540,6540,045520,20170405,6550,6350,0.0,6490,186.77
1051,6810,6810,045520,20170406,6970,6470,1.49,6580,874.61
1052,6810,6810,045520,20170407,7000,6760,1.4,6900,382.68
1053,8430,8430,045520,20170410,8850,7020,2.18,7600,8542.96
1054,8670,8670,045520,20170411,8780,7950,6.21,8300,3071.63
1055,8000,8000,045520,20170412,8590,7950,3.74,8490,1300.4
1056,8970,8970,045520,20170413,10150,8150,0.86,8180,12409.5
1057,8900,8900,045520,20170414,8920,8700,0.6,8700,693.88
1058,9070,9070,045520,20170417,9150,8910,0.44,9000,470.99
1059,9500,9500,045520,20170418,9550,9120,0.51,9120,619.68
1060,9440,9440,045520,20170419,11000,9230,5.38,9400,4433.29
1061,9280,9280,045520,20170420,10100,9100,4.34,9800,1433.8
1062,9340,9340,045520,20170421,9520,9050,1.15,9420,681.41
1063,8550,8550,045520,20170424,9340,8550,3.48,9050,697.86
1064,8700,8700,045520,20170425,8940,8520,2.1,8620,392.19
1065,8420,8420,045520,20170426,8960,8340,2.81,8950,355.03
1066,8440,8440,045520,20170427,8520,8160,1.51,8420,339.12
1067,8770,8770,045520,20170428,9930,8260,2.4,8510,4102.08
1068,10400,10400,045520,20170502,11200,8950,5.91,8950,7008.45
1069,10350,10350,045520,20170504,10750,10100,1.17,10650,1285.08
1070,13450,13450,045520,20170508,13450,12050,0.97,12100,6688.66
1071,13350,13350,045520,20170510,13600,12800,0.33,13300,2211.68
1072,13750,13750,045520,20170511,14050,12300,0.98,13350,3148.5
1073,12450,12450,045520,20170512,13500,12250,0.28,13250,1581.72
1074,12500,12500,045520,20170515,13750,11850,0.03,12500,2289.72
1075,12200,12200,045520,20170516,12900,11950,1.19,12300,975.72
1076,10450,10450,045520,20170517,13800,10400,0.02,12550,5367.52
1077,9780,9780,045520,20170518,10700,9640,1.18,10550,2496.23
1078,9780,9780,045520,20170519,10050,9600,1.22,9780,1399.13
1079,9260,9260,045520,20170522,9690,9200,1.2,9580,1106.6
1080,9320,9320,045520,20170523,9590,9200,4.16,9200,1072.78
1081,8970,8970,045520,20170524,9730,8970,4.07,9590,1098.04
1082,8860,8860,045520,20170525,9130,8710,0.18,9010,759.7
1083,9000,9000,045520,20170526,9140,8790,0.55,8860,551.75
1084,8930,8930,045520,20170529,9250,8930,3.34,9220,533.2
1085,8680,8680,045520,20170530,9060,8620,0.0,9060,415.08
1086,8590,8590,045520,20170531,8760,8500,0.33,8690,364.73
1087,8770,8770,045520,20170601,8920,8510,0.0,8600,569.5
1088,8580,8580,045520,20170602,8810,8580,0.0,8810,226.87
1089,8530,8530,045520,20170605,8650,8510,0.98,8640,217.65
1090,8830,8830,045520,20170607,9070,8410,0.57,8550,778.93
1091,8950,8950,045520,20170608,9040,8680,0.51,8840,385.56
1092,8960,8960,045520,20170609,9000,8800,0.46,8950,195.74
1093,8740,8740,045520,20170612,9040,8680,0.0,8900,228.81
1094,8620,8620,045520,20170613,8850,8620,0.0,8740,153.95
1095,8310,8310,045520,20170614,8700,8110,0.0,8650,477.25
1096,8290,8290,045520,20170615,8410,8260,0.97,8310,144.58
1097,8740,8740,045520,20170616,9500,8410,5.7,8430,3954.97
1098,8360,8360,045520,20170619,8840,8360,2.12,8820,502.89
1099,7950,7950,045520,20170620,8440,7950,0.01,8360,383.61
1100,7970,7970,045520,20170621,8160,7920,0.0,7940,176.93
1101,8020,8020,045520,20170622,8230,7910,0.0,7960,137.45
1102,8170,8170,045520,20170623,8210,8000,1.08,8020,115.68
1103,8150,8150,045520,20170626,8250,8070,0.91,8140,96.75
1104,8240,8240,045520,20170627,8270,8050,0.11,8150,107.31
1105,8240,8240,045520,20170628,8340,8190,0.0,8290,117.24
1106,8210,8210,045520,20170629,8310,8160,0.34,8280,72.9
1107,8120,8120,045520,20170630,8210,7950,0.33,8180,105.4
1108,8050,8050,045520,20170703,8100,7950,0.0,8000,79.47
1109,7780,7780,045520,20170704,8100,7770,0.0,8100,121.45
1110,7870,7870,045520,20170705,8060,7780,0.0,7800,94.25
1111,7900,7900,045520,20170706,8090,7820,0.0,7820,74.99
1112,8100,8100,045520,20170707,8120,7910,0.0,7980,51.53
1113,7910,7910,045520,20170710,8100,7890,0.0,8100,66.17
1114,7830,7830,045520,20170711,7990,7760,0.0,7880,49.29
1115,7760,7760,045520,20170712,7890,7760,0.0,7830,53.94
1116,7660,7660,045520,20170713,7830,7600,0.0,7760,79.01
1117,7540,7540,045520,20170714,7780,7520,0.0,7670,66.2
1118,7670,7670,045520,20170717,7740,7540,0.0,7540,48.78
1119,7660,7660,045520,20170718,7720,7530,0.0,7610,50.72
1120,7860,7860,045520,20170719,7880,7600,0.0,7600,63.43
1121,7920,7920,045520,20170720,7960,7800,0.0,7860,65.58
1122,7980,7980,045520,20170721,8020,7830,1.43,7960,56.31
1123,7830,7830,045520,20170724,8000,7820,0.0,7980,57.53
1124,7740,7740,045520,20170725,7910,7740,0.57,7810,48.61
1125,7650,7650,045520,20170726,7800,7650,1.14,7800,37.79
1126,7640,7640,045520,20170727,7760,7620,1.43,7640,35.62
1127,7340,7340,045520,20170728,7690,7320,0.0,7620,96.57
1128,7210,7210,045520,20170731,7400,7060,0.0,7300,91.67
1129,7540,7540,045520,20170801,7660,7120,0.0,7120,120.68
1130,7810,7810,045520,20170802,7880,7490,0.0,7490,104.25
1131,7720,7720,045520,20170803,7870,7600,0.0,7770,40.23
1132,7910,7910,045520,20170804,8120,7760,0.0,7800,124.89
1133,8180,8180,045520,20170807,8200,7910,0.07,8060,119.04
1134,8090,8090,045520,20170808,8260,8000,0.0,8200,72.24
1135,7940,7940,045520,20170809,8120,7850,0.0,8120,57.12
1136,7730,7730,045520,20170810,8030,7660,0.0,8030,64.32
1137,7970,7970,045520,20170811,8070,7570,0.0,7570,112.64
1138,7880,7880,045520,20170814,8140,7850,0.0,7980,82.13
1139,7880,7880,045520,20170816,7940,7800,0.0,7840,31.53
1140,7900,7900,045520,20170817,7950,7800,0.0,7800,28.75
1141,8150,8150,045520,20170818,8180,7800,0.0,7850,80.22
1142,8370,8370,045520,20170821,8690,8100,0.0,8120,311.64
1143,8260,8260,045520,20170822,8470,8230,0.0,8360,65.08
1144,8320,8320,045520,20170823,8430,8250,0.0,8260,59.46
1145,8270,8270,045520,20170824,8380,8260,0.0,8380,41.18
1146,8810,8810,045520,20170825,8950,8220,0.0,8250,657.18
1147,8760,8760,045520,20170828,9000,8720,0.0,9000,262.56
1148,8920,8920,045520,20170829,8990,8550,0.01,8760,200.69
1149,8980,8980,045520,20170830,9120,8800,0.01,9010,190.94
1150,9250,9250,045520,20170831,9440,8930,0.07,9000,253.84
1151,9720,9720,045520,20170901,9780,9260,0.0,9260,545.33
1152,9510,9510,045520,20170904,9820,9400,0.97,9420,296.29
1153,9490,9490,045520,20170905,9700,9240,0.0,9570,183.08
1154,9950,9950,045520,20170906,10100,9420,0.19,9530,589.96
1155,10100,10100,045520,20170907,10400,9800,0.82,10100,546.77
1156,10500,10500,045520,20170908,10800,9980,1.0,10400,710.69
1157,10600,10600,045520,20170911,10700,10150,0.22,10600,354.21
1158,10500,10500,045520,20170912,10700,10200,0.0,10550,217.34
1159,10000,10000,045520,20170913,10550,9960,0.0,10550,456.83
1160,9950,9950,045520,20170914,10150,9600,0.0,9990,233.2
1161,10250,10250,045520,20170915,10300,9800,0.0,9800,164.68
1162,10800,10800,045520,20170918,10950,10150,0.97,10450,494.68
1163,11300,11300,045520,20170919,11400,10850,0.0,10900,551.74
1164,11000,11000,045520,20170920,11400,10850,0.0,11150,245.78
1165,11450,11450,045520,20170921,11600,10800,0.0,11050,309.59
1166,11450,11450,045520,20170922,11600,10800,0.23,11450,241.97
1167,11450,11450,045520,20170925,11800,11100,2.69,11800,267.47
1168,11150,11150,045520,20170926,11800,11000,0.82,11500,321.26
1169,11150,11150,045520,20170927,11350,10650,0.11,11350,274.23
1170,10850,10850,045520,20170928,11200,10500,1.26,11100,325.49
1171,10950,10950,045520,20170929,11200,10700,0.0,10850,169.63
1172,10300,10300,045520,20171010,11050,10050,0.0,11050,298.17
1173,11300,11300,045520,20171011,11300,10150,0.0,10200,302.77
1174,11500,11500,045520,20171012,11700,11150,0.0,11450,259.66
1175,11150,11150,045520,20171013,11500,10950,0.16,11350,196.55
1176,10700,10700,045520,20171016,11250,10400,0.0,11150,238.9
1177,10550,10550,045520,20171017,10750,10350,0.45,10500,114.85
1178,10150,10150,045520,20171018,10600,10050,2.12,10550,190.78
1179,10200,10200,045520,20171019,10300,9970,0.0,10150,92.24
1180,10550,10550,045520,20171020,10600,10100,0.65,10250,114.71
1181,10300,10300,045520,20171023,10550,10100,0.0,10500,131.84
1182,10550,10550,045520,20171024,10850,10200,0.45,10250,202.08
1183,10600,10600,045520,20171025,10750,10350,0.0,10550,104.94
1184,10600,10600,045520,20171026,11000,10450,0.49,10800,212.05
1185,10500,10500,045520,20171027,10700,10250,0.06,10600,133.76
1186,10150,10150,045520,20171030,10500,10100,0.0,10500,121.4
1187,10300,10300,045520,20171031,10450,10000,0.0,10050,150.16
1188,10300,10300,045520,20171101,10450,10250,0.0,10400,74.72
1189,10500,10500,045520,20171102,10850,10300,0.0,10300,192.27
1190,10400,10400,045520,20171103,10600,10200,0.0,10500,81.65
1191,10500,10500,045520,20171106,10600,10250,0.0,10250,99.42
1192,10450,10450,045520,20171107,10550,10300,0.0,10400,69.74
1193,10800,10800,045520,20171108,10900,10500,1.72,10600,276.19
1194,11150,11150,045520,20171109,11200,10700,0.0,11000,241.8
1195,11900,11900,045520,20171110,11950,10900,0.0,11100,470.02
1196,12500,12500,045520,20171113,12700,11750,0.46,11750,483.05
1197,12200,12200,045520,20171114,12650,11650,0.12,12400,636.23
1198,11500,11500,045520,20171115,12200,11200,7.57,12050,567.59
1199,11800,11800,045520,20171116,11800,11200,0.0,11350,285.76
1200,11250,11250,045520,20171117,11900,11200,5.7,11850,323.17
1201,11850,11850,045520,20171120,11850,11150,0.84,11350,293.37
1202,11750,11750,045520,20171121,11900,11400,0.9,11800,169.15
1203,12050,12050,045520,20171122,12100,11650,1.04,11800,331.7
1204,12500,12500,045520,20171123,13000,12050,6.49,12300,827.41
1205,12850,12850,045520,20171124,13150,12500,0.0,12600,256.74
1206,12850,12850,045520,20171127,13350,12450,3.68,13200,263.85
1207,13100,13100,045520,20171128,13150,12550,0.34,12850,141.97
1208,13250,13250,045520,20171129,13250,12800,3.58,13150,131.29
1209,12850,12850,045520,20171130,13300,12850,0.48,13250,141.14
1210,12950,12950,045520,20171201,13100,12550,0.0,12850,122.98
1211,13000,13000,045520,20171204,13050,12700,0.13,13050,114.38
1212,12450,12450,045520,20171205,13000,12400,0.0,12800,190.45
1213,12500,12500,045520,20171206,12900,12300,0.59,12400,155.12
1214,12200,12200,045520,20171207,12600,11700,0.97,12400,182.87
1215,12000,12000,045520,20171208,12200,11700,0.1,12000,94.13
1216,12300,12300,045520,20171211,12350,11750,0.6,11950,72.23
1217,12300,12300,045520,20171212,12350,12000,0.0,12300,58.81
1218,12400,12400,045520,20171213,12500,12200,0.0,12200,61.01
1219,12750,12750,045520,20171214,12850,12400,0.46,12400,78.65
1220,12500,12500,045520,20171215,12950,12500,1.12,12800,155.13
1221,12000,12000,045520,20171218,12600,12000,0.0,12450,99.8
1222,12000,12000,045520,20171219,12150,11600,1.08,11900,91.48
1223,11950,11950,045520,20171220,12150,11800,0.97,12000,34.47
1224,11650,11650,045520,20171221,11950,11600,0.06,11800,66.14
1225,12150,12150,045520,20171222,12200,11600,0.0,11750,80.45
1226,11950,11950,045520,20171226,12450,11950,0.0,12250,119.91
1227,12300,12300,045520,20171227,12350,12000,0.0,12000,48.75
1228,13100,13100,045520,20171228,13150,12450,0.17,12600,214.44
1229,13900,13900,045520,20180102,14100,13400,0.0,13650,298.8
1230,15050,15050,045520,20180103,15050,13950,0.0,14000,380.06
1231,14750,14750,045520,20180104,15550,14450,0.1,15500,313.77
1232,16600,16600,045520,20180105,17100,14600,4.05,14700,739.85
1233,17150,17150,045520,20180108,17350,16350,0.55,16700,335.86
1234,16750,16750,045520,20180109,17900,16400,0.19,17150,281.34
1235,17650,17650,045520,20180110,18200,16350,0.11,16750,277.87
1236,17450,17450,045520,20180111,17850,17050,0.0,17600,166.77
1237,18700,18700,045520,20180112,18800,17200,0.0,17600,254.87
1238,16650,16650,045520,20180115,21500,16500,1.32,20900,1212.15
1239,16750,16750,045520,20180116,17150,15600,1.11,16650,524.37
1240,17100,17100,045520,20180117,18000,16700,5.43,17450,568.19
1241,16550,16550,045520,20180118,17750,16400,0.22,17200,302.32
1242,16450,16450,045520,20180119,16800,16000,0.33,16500,178.92
1243,15950,15950,045520,20180122,16450,15900,0.29,16450,114.78
1244,17200,17200,045520,20180123,17250,16000,0.97,16100,241.84
1245,16850,16850,045520,20180124,17200,16700,1.24,17200,138.16
1246,17700,17700,045520,20180125,17800,16850,7.28,17150,187.67
1247,17950,17950,045520,20180126,18200,17450,5.05,17700,198.83
1248,17800,17800,045520,20180129,18100,17500,4.66,18000,147.7
1249,17500,17500,045520,20180130,17950,17450,0.95,17850,126.62
1250,18000,18000,045520,20180131,18000,17150,0.03,17400,168.74
1251,17700,17700,045520,20180201,18200,17500,4.21,18100,149.06
1252,17200,17200,045520,20180202,17700,16900,0.14,17600,156.37
1253,16650,16650,045520,20180205,17000,16400,0.58,16550,98.41
1254,16250,16250,045520,20180206,16900,15300,3.55,15700,263.16
1255,16300,16300,045520,20180207,17700,16050,0.55,16650,299.49
1256,16950,16950,045520,20180208,17000,16300,0.0,16950,72.73
1257,17200,17200,045520,20180209,17500,16350,0.0,16350,133.2
1258,16850,16850,045520,20180212,17350,16700,0.12,17050,110.29
1259,16500,16500,045520,20180213,17150,16500,0.66,17100,80.71
1260,17000,17000,045520,20180214,17150,16450,1.35,16600,64.05
1261,17200,17200,045520,20180219,17350,17000,0.0,17350,104.84
1262,18800,18800,045520,20180220,18900,17100,0.0,17100,610.15
1263,19150,19150,045520,20180221,19200,18250,0.0,18650,315.26
1264,19300,19300,045520,20180222,19850,18700,0.0,18850,312.54
1265,19300,19300,045520,20180223,19700,18900,0.0,19600,204.5
1266,18650,18650,045520,20180226,19250,18550,0.97,19250,148.02
1267,18950,18950,045520,20180227,19400,18600,0.0,18600,138.54
1268,19100,19100,045520,20180228,19350,18650,0.97,18800,158.73
1269,19650,19650,045520,20180302,19800,18700,0.84,18800,247.18
1270,17700,17700,045520,20180305,20000,17600,9.43,19700,473.18
1271,18000,18000,045520,20180306,18250,17850,0.55,17900,154.25
1272,17350,17350,045520,20180307,18100,17250,0.72,18100,178.44
1273,18150,18150,045520,20180308,18200,17400,2.81,17400,105.28
1274,18050,18050,045520,20180309,18650,17750,2.73,18050,192.61
1275,18750,18750,045520,20180312,18850,18150,4.21,18350,183.72
1276,18500,18500,045520,20180313,19200,18300,2.12,18950,252.65
1277,18200,18200,045520,20180314,18600,17900,0.0,18500,111.22
1278,18000,18000,045520,20180315,18250,17800,0.34,18250,141.6
1279,18100,18100,045520,20180316,18250,17900,0.77,18100,61.7
1280,17700,17700,045520,20180319,18050,17550,0.08,18050,87.77
1281,17750,17750,045520,20180320,18050,17500,0.6,17700,88.67
1282,18150,18150,045520,20180321,18350,17850,0.97,18000,107.94
1283,18300,18300,045520,20180322,18650,18050,1.05,18250,157.52
1284,17750,17750,045520,20180323,18600,17400,1.75,17850,210.01
1285,17750,17750,045520,20180326,19750,17750,13.97,19350,970.73
1286,17750,17750,045520,20180327,18400,17400,6.26,18200,360.32
1287,18350,18350,045520,20180328,18700,18000,5.46,18050,499.79
1288,18100,18100,045520,20180329,18650,17700,5.36,18550,268.04
1289,17500,17500,045520,20180330,18100,17450,1.27,18100,246.3
1290,16500,16500,045520,20180402,17750,16050,4.15,17550,367.54
1291,16250,16250,045520,20180403,16400,15900,2.51,16150,173.92
1292,15600,15600,045520,20180404,16200,15450,4.31,16050,232.92
1293,16050,16050,045520,20180405,16150,15450,10.71,15700,120.04
1294,16600,16600,045520,20180406,16750,16050,4.85,16200,162.13
1295,16100,16100,045520,20180409,16500,15900,4.91,16300,125.99
1296,16200,16200,045520,20180410,16200,15550,1.18,16000,125.64
1297,16500,16500,045520,20180411,16700,15850,1.62,16400,166.22
1298,15950,15950,045520,20180412,16600,15850,2.24,16500,115.74
1299,16100,16100,045520,20180413,16300,15650,0.42,15900,81.6
1300,16200,16200,045520,20180416,16450,16000,0.0,16250,100.02
1301,16600,16600,045520,20180417,17000,16200,0.45,16400,165.21
1302,16350,16350,045520,20180418,16800,16200,1.54,16700,100.6
1303,15650,15650,045520,20180419,16450,15600,0.81,16300,244.37
1304,15350,15350,045520,20180420,15850,15350,0.32,15800,124.67
1305,14550,14550,045520,20180423,15350,14250,0.24,15250,283.57
1306,14450,14450,045520,20180424,14900,14250,0.0,14500,163.0
1307,14300,14300,045520,20180425,14550,13950,0.34,14400,115.78
1308,14500,14500,045520,20180426,14550,14250,0.0,14500,63.42
1309,14100,14100,045520,20180427,14500,14000,0.85,14500,83.63
1310,13400,13400,045520,20180430,14200,13350,0.0,14050,224.63
1311,14400,14400,045520,20180502,14400,13050,0.3,13350,175.34
1312,14850,14850,045520,20180503,15000,14200,2.75,14200,168.18
1313,14200,14200,045520,20180504,14900,14000,4.45,14600,101.16
1314,13550,13550,045520,20180508,14150,13500,0.97,14000,80.73
1315,14100,14100,045520,20180509,14150,13400,0.24,13550,73.01
1316,13850,13850,045520,20180510,14100,13650,0.43,14100,41.85
1317,14050,14050,045520,20180511,14100,13750,0.65,13850,35.75
1318,14050,14050,045520,20180514,14200,13900,0.0,14150,56.55
1319,13700,13700,045520,20180515,14200,13300,0.2,14050,162.17
1320,13300,13300,045520,20180516,13650,13050,0.6,13400,110.25
1321,13200,13200,045520,20180517,13500,13000,0.15,13250,90.16
1322,13550,13550,045520,20180518,13550,13100,0.0,13150,54.99
1323,12800,12800,045520,20180521,13800,12600,3.56,13800,221.82
1324,13000,13000,045520,20180523,13100,12800,0.0,12900,89.6
1325,13000,13000,045520,20180524,13150,12600,0.97,13050,76.51
1326,12700,12700,045520,20180525,12750,12450,0.0,12650,57.13
1327,12750,12750,045520,20180528,12800,12350,0.0,12650,83.76
1328,13200,13200,045520,20180529,13500,12600,0.26,12750,131.58
1329,12500,12500,045520,20180530,13300,12500,4.81,13300,115.98
1330,12550,12550,045520,20180531,12900,12350,1.25,12700,47.61
1331,12700,12700,045520,20180601,12850,12500,0.0,12500,38.56
1332,13050,13050,045520,20180604,13100,12700,0.0,12850,62.37
1333,12800,12800,045520,20180605,13250,12700,1.28,13050,81.37
1334,13700,13700,045520,20180607,13800,12850,0.0,12850,189.22
1335,13450,13450,045520,20180608,13900,13150,1.04,13600,91.77
1336,13600,13600,045520,20180611,13750,13100,0.29,13450,51.69
1337,13600,13600,045520,20180612,13700,13350,1.76,13550,63.85
1338,13500,13500,045520,20180614,13950,13450,0.06,13450,82.53
1339,14000,14000,045520,20180615,14050,13400,0.13,13400,89.83
1340,13700,13700,045520,20180618,13950,13450,2.92,13900,114.44
1341,13850,13850,045520,20180619,14100,13450,1.91,13550,119.71
1342,14250,14250,045520,20180620,14400,13700,1.33,13750,117.17
1343,14050,14050,045520,20180621,14350,13750,5.55,14250,75.55
1344,13950,13950,045520,20180622,14100,13550,1.7,13850,61.59
1345,13950,13950,045520,20180625,14050,13750,0.22,13800,43.97
1346,14550,14550,045520,20180626,14650,13650,3.36,13950,153.27
1347,14800,14800,045520,20180627,15150,14450,3.89,14550,149.93
1348,14900,14900,045520,20180628,15000,14600,5.49,14700,80.84
1349,15250,15250,045520,20180629,15450,14800,4.27,14800,145.28
1350,14850,14850,045520,20180702,15600,14800,3.22,15450,86.46
1351,14600,14600,045520,20180703,15200,14200,1.57,14750,93.84
1352,14600,14600,045520,20180704,14800,14300,0.79,14450,28.04
1353,14300,14300,045520,20180705,14650,14050,1.36,14450,72.93
1354,14150,14150,045520,20180706,14700,13600,0.39,14700,47.1
1355,13450,13450,045520,20180709,14150,13400,0.5,13950,83.24
1356,13900,13900,045520,20180710,14000,13400,0.95,13400,59.66
1357,14200,14200,045520,20180711,14350,13750,1.88,13850,38.6
1358,15150,15150,045520,20180712,15200,14000,0.0,14000,86.56
1359,15600,15600,045520,20180713,15750,14850,0.43,15000,167.88
1360,15600,15600,045520,20180716,15700,15200,0.69,15400,51.19
1361,15650,15650,045520,20180717,15950,15300,1.37,15600,100.04
1362,15950,15950,045520,20180718,16350,15600,2.72,15650,135.66
1363,15950,15950,045520,20180719,16300,15450,3.78,15950,105.89
1364,16000,16000,045520,20180720,16000,15450,0.83,15850,58.44
1365,15600,15600,045520,20180723,16100,15300,1.75,16000,78.96
1366,15400,15400,045520,20180724,15900,15400,0.21,15400,50.57
1367,15350,15350,045520,20180725,15600,14700,0.33,15350,76.87
1368,15700,15700,045520,20180726,15700,15100,0.36,15100,60.77
1369,15550,15550,045520,20180727,15800,15100,0.24,15700,70.74
1370,15550,15550,045520,20180730,15700,15300,0.25,15550,18.5
1371,15450,15450,045520,20180731,15800,15350,0.15,15550,14.13
1372,16000,16000,045520,20180801,16000,15400,0.19,15700,58.9
1373,15900,15900,045520,20180802,16150,15700,0.18,16150,41.06
1374,15950,15950,045520,20180803,16000,15750,0.14,15900,21.43
1375,15800,15800,045520,20180806,16100,15650,0.26,15950,35.23
1376,15700,15700,045520,20180807,16000,15650,0.42,16000,13.1
1377,15650,15650,045520,20180808,15900,15450,0.01,15900,23.48
1378,15550,15550,045520,20180809,15750,15300,1.19,15750,28.59
1379,15350,15350,045520,20180810,15550,15300,0.42,15550,13.64
1380,14900,14900,045520,20180813,15350,14700,0.01,15350,66.12
1381,14850,14850,045520,20180814,15600,14700,0.0,14900,48.15
1382,14650,14650,045520,20180816,15250,14300,1.08,14850,78.06
1383,15200,15200,045520,20180817,15300,14400,0.0,14800,70.22
1384,15200,15200,045520,20180820,15300,14950,0.0,15200,41.24
1385,15550,15550,045520,20180821,15550,15050,0.0,15050,30.42
1386,15500,15500,045520,20180822,15850,15400,0.0,15400,33.67
1387,15500,15500,045520,20180823,15800,15350,0.48,15600,36.2
1388,15500,15500,045520,20180824,15700,15350,0.0,15350,19.46
1389,15500,15500,045520,20180827,15750,15250,0.0,15500,45.87
1390,15450,15450,045520,20180828,15650,15300,0.58,15600,21.55
1391,15250,15250,045520,20180829,15550,15100,0.0,15550,34.19
1392,15100,15100,045520,20180830,15300,14900,0.86,15150,49.93
1393,15300,15300,045520,20180831,15450,14950,0.0,15000,20.21
1394,15400,15400,045520,20180903,15500,15250,0.0,15300,13.0
1395,15850,15850,045520,20180904,16000,15150,0.0,15400,55.99
1396,15650,15650,045520,20180905,16050,15600,0.0,15850,50.99
1397,15600,15600,045520,20180906,15750,15400,0.22,15700,31.41
1398,15550,15550,045520,20180907,15700,15400,0.0,15400,16.95
1399,15250,15250,045520,20180910,16500,15250,10.27,16400,309.96
1400,15400,15400,045520,20180911,15600,15100,0.31,15250,43.72
1401,15200,15200,045520,20180912,15500,15100,0.01,15500,51.13
1402,15200,15200,045520,20180913,15450,15000,0.05,15200,37.85
1403,15300,15300,045520,20180914,15400,15100,0.0,15200,36.86
1404,14800,14800,045520,20180917,15350,14600,2.3,15350,122.11
1405,14650,14650,045520,20180918,14950,14450,0.09,14600,60.75
1406,14650,14650,045520,20180919,14800,14500,0.0,14650,37.23
1407,14650,14650,045520,20180920,14850,14600,0.0,14750,25.46
1408,14950,14950,045520,20180921,15100,14650,0.0,14650,32.44
1409,14800,14800,045520,20180927,15050,14700,0.05,14950,21.34
1410,14550,14550,045520,20180928,14800,14500,0.61,14800,41.77
1411,14250,14250,045520,20181001,14650,14200,0.83,14500,39.54
1412,13700,13700,045520,20181002,14350,13500,0.39,14300,62.49
1413,13800,13800,045520,20181004,14100,13650,0.79,13700,37.5
1414,13600,13600,045520,20181005,14050,13550,0.06,13700,40.45
1415,13750,13750,045520,20181008,13900,13400,0.48,13600,14.95
1416,13350,13350,045520,20181010,13850,13200,1.26,13600,33.92
1417,12300,12300,045520,20181011,13050,11900,0.35,12650,143.68
1418,12600,12600,045520,20181012,12650,11850,0.0,11850,101.41
1419,13550,13550,045520,20181015,14000,13050,0.93,13100,176.77
1420,14000,14000,045520,20181016,14300,13800,0.57,13850,124.68
1421,14450,14450,045520,20181017,14650,14000,0.0,14300,102.64
1422,14800,14800,045520,20181018,15000,14350,0.24,14450,105.42
1423,14750,14750,045520,20181019,14850,14350,0.33,14600,45.59
1424,14800,14800,045520,20181022,15100,14650,0.33,14800,38.79
1425,14500,14500,045520,20181023,15000,14450,0.55,14950,68.29
1426,14400,14400,045520,20181024,14850,14050,0.35,14500,76.14
1427,13600,13600,045520,20181025,14300,13450,0.47,13950,105.73
1428,13250,13250,045520,20181026,13850,13000,0.25,13850,59.62
1429,11800,11800,045520,20181029,13400,11750,0.26,13100,153.31
1430,12500,12500,045520,20181030,12700,11300,0.97,11500,154.93
1431,13200,13200,045520,20181031,13200,12350,0.67,13000,88.65
1432,13600,13600,045520,20181101,13700,13100,0.12,13250,63.13
1433,13800,13800,045520,20181102,13950,13450,0.18,13850,73.06
1434,13650,13650,045520,20181105,14100,13450,0.18,14050,106.83
1435,14100,14100,045520,20181106,14250,13800,0.17,13850,142.14
1436,13950,13950,045520,20181107,15350,13450,10.11,14750,477.8
1437,14550,14550,045520,20181108,14700,13900,0.36,14250,151.34
1438,15150,15150,045520,20181109,15200,14500,0.54,14850,248.91
1439,15300,15300,045520,20181112,15900,14950,2.58,15000,336.09
1440,15300,15300,045520,20181113,15450,14700,1.81,14950,120.86
1441,14300,14300,045520,20181114,15500,14200,9.05,15500,353.91
1442,14600,14600,045520,20181115,14600,14000,1.88,14300,88.13
1443,14400,14400,045520,20181116,14900,14400,0.71,14850,85.43
1444,14050,14050,045520,20181119,14550,14000,0.21,14350,88.48
1445,13900,13900,045520,20181120,14050,13650,0.5,13700,80.38
1446,13400,13400,045520,20181121,13700,13100,1.61,13700,124.1
1447,13200,13200,045520,20181122,13500,13100,1.86,13400,50.3
1448,13450,13450,045520,20181123,13850,13200,2.19,13200,98.92
1449,13950,13950,045520,20181126,14050,13550,1.38,13700,93.72
1450,14250,14250,045520,20181127,14800,14000,1.88,14450,196.31
1451,13900,13900,045520,20181128,14400,13800,2.52,14350,82.33
1452,13650,13650,045520,20181129,14000,13650,0.76,13900,54.86
1453,13700,13700,045520,20181130,13950,13600,0.41,13650,33.73
1454,13750,13750,045520,20181203,13950,13450,0.73,13850,59.08
1455,13800,13800,045520,20181204,13850,13600,0.4,13750,43.1
1456,13650,13650,045520,20181205,13650,13350,1.12,13500,47.58
1457,12850,12850,045520,20181206,13600,12700,4.86,13600,138.44
1458,12750,12750,045520,20181207,13300,12450,2.56,13300,98.29
1459,12600,12600,045520,20181210,12750,12400,0.59,12500,40.31
1460,12200,12200,045520,20181211,12750,12200,2.57,12550,82.91
1461,12350,12350,045520,20181212,12450,12000,0.0,12200,90.38
1462,12750,12750,045520,20181213,12800,12050,3.14,12200,85.69
1463,12550,12550,045520,20181214,12850,12400,3.55,12600,46.09
1464,12350,12350,045520,20181217,12900,12250,3.15,12750,111.92
1465,12250,12250,045520,20181218,12350,12100,0.28,12150,103.06
1466,12550,12550,045520,20181219,12750,12200,0.0,12200,113.88
1467,12600,12600,045520,20181220,12850,12300,0.0,12450,74.6
1468,12650,12650,045520,20181221,12850,12500,0.0,12500,82.04
1469,12700,12700,045520,20181224,12750,12400,0.34,12600,37.24
1470,11950,11950,045520,20181226,12500,11850,6.11,12400,143.0
1471,12450,12450,045520,20181227,12750,12050,0.05,12100,73.0
1472,12800,12800,045520,20181228,12800,12450,0.01,12450,49.52
1473,12750,12750,045520,20190102,13050,12550,0.09,12950,42.9
1474,12650,12650,045520,20190103,12850,12550,0.01,12800,29.46
1475,13200,13200,045520,20190104,13800,12400,0.52,12700,204.09
1476,13250,13250,045520,20190107,13550,12900,5.09,13300,118.89
1477,13300,13300,045520,20190108,13350,13100,1.26,13150,43.55
1478,13300,13300,045520,20190109,13450,13150,0.92,13350,54.49
1479,13250,13250,045520,20190110,13350,13100,0.03,13250,34.48
1480,13550,13550,045520,20190111,13700,13250,0.0,13300,74.71
1481,13700,13700,045520,20190114,14400,13600,4.78,14200,191.52
1482,13600,13600,045520,20190115,14150,13500,1.22,13800,114.58
1483,14050,14050,045520,20190116,14050,13450,0.17,13600,175.6
1484,13800,13800,045520,20190117,14000,13600,7.34,14000,94.57
1485,13950,13950,045520,20190118,14000,13650,0.53,13850,84.83
1486,13800,13800,045520,20190121,14050,13800,0.0,14000,64.26
1487,13750,13750,045520,20190122,13900,13650,0.7,13800,37.11
1488,13750,13750,045520,20190123,14350,13450,0.89,13950,229.18
1489,14450,14450,045520,20190124,14500,13650,0.59,13650,275.51
1490,14450,14450,045520,20190125,14600,14100,6.56,14550,115.88
1491,14300,14300,045520,20190128,14450,14150,1.54,14450,70.25
1492,14000,14000,045520,20190129,14250,13900,0.2,14150,69.64
1493,14450,14450,045520,20190130,14550,13850,0.61,14100,130.83
1494,14200,14200,045520,20190131,14550,14150,1.2,14300,44.67
1495,14200,14200,045520,20190201,14300,13950,1.58,14100,34.79
1496,14550,14550,045520,20190207,14800,13300,1.22,14200,203.14
1497,15800,15800,045520,20190208,15850,14450,0.22,14450,542.96
1498,16150,16150,045520,20190211,16550,15500,2.05,16000,446.23
1499,16750,16750,045520,20190212,17300,16200,0.0,16200,413.69
1500,16900,16900,045520,20190213,17050,16400,0.4,16850,175.47
1501,17500,17500,045520,20190214,17500,16350,0.0,16800,180.81
1502,16700,16700,045520,20190215,17500,16700,3.11,17500,126.4
1503,16600,16600,045520,20190218,16950,16450,0.0,16750,100.34
1504,16300,16300,045520,20190219,16600,16000,0.0,16600,200.9
1505,16350,16350,045520,20190220,16550,16300,0.12,16500,81.23
1506,15900,15900,045520,20190221,16500,15850,0.0,16450,162.5
1507,16450,16450,045520,20190222,16450,15700,0.84,16000,131.51
1508,16200,16200,045520,20190225,16700,16100,0.38,16650,109.86
1509,16050,16050,045520,20190226,16350,15900,0.0,16350,70.96
1510,16100,16100,045520,20190227,16250,15900,0.0,16000,56.07
1511,15050,15050,045520,20190228,16050,15000,3.54,16000,206.05
1512,17100,17100,045520,20190304,17150,15800,4.14,15950,566.48
1513,16400,16400,045520,20190305,17800,16150,8.49,17450,1019.9
1514,17100,17100,045520,20190306,18350,16600,40.71,17150,2583.2
1515,17000,17000,045520,20190307,18000,16500,13.39,17250,828.26
1516,18550,18550,045520,20190308,18650,17000,28.17,17100,1461.1
1517,22600,22600,045520,20190311,23400,18600,45.61,19000,5160.5
1518,22950,22950,045520,20190312,23100,21800,10.93,22450,2085.9
1519,23150,23150,045520,20190313,24150,22300,7.51,22750,1525.76
1520,22600,22600,045520,20190314,23900,22150,12.78,23750,860.86
1521,23600,23600,045520,20190315,24600,22450,12.29,22750,1962.6
1522,23400,23400,045520,20190318,23600,22750,16.16,23600,668.21
1523,27300,27300,045520,20190319,28550,23700,9.31,24000,3739.8
1524,27300,27300,045520,20190319,28550,23700,9.31,24000,3739.8
1525,27600,27600,045520,20190320,29000,26450,9.64,27350,1906.08
1526,29000,29000,045520,20190321,30150,27200,7.18,28000,2059.79
1527,31200,31200,045520,20190322,34500,28800,3.93,29900,2057.91
