,date,PM10,PM2.5,O3,NO2,CO,SO2
1,2014-01-01,117,,0.012,0.035,0.6,0.011
2,2014-01-02,52,,0.011,0.038,0.6,0.009
3,2014-01-03,59,,0.003,0.061,1.1,0.01
4,2014-01-04,47,,0.007,0.038,0.6,0.008
5,2014-01-05,44,,0.007,0.04,0.8,0.007
6,2014-01-06,67,,0.004,0.056,1.1,0.01
7,2014-01-07,81,,0.003,0.063,1.3,0.012
8,2014-01-08,61,,0.013,0.033,0.6,0.009
9,2014-01-09,21,,0.024,0.016,0.2,0.004
10,2014-01-10,33,,0.01,0.038,0.5,0.007
11,2014-01-11,48,,0.007,0.051,0.9,0.009
12,2014-01-12,60,,0.016,0.033,0.7,0.009
13,2014-01-13,28,,0.017,0.027,0.4,0.005
14,2014-01-14,40,,0.011,0.041,0.6,0.007
15,2014-01-15,53,,0.011,0.044,0.7,0.008
16,2014-01-16,104,,0.005,0.062,1.3,0.012
17,2014-01-17,116,,0.007,0.06,1.5,0.009
18,2014-01-18,58,,0.02,0.026,0.6,0.008
19,2014-01-19,50,,0.01,0.038,0.7,0.008
20,2014-01-20,67,,0.008,0.038,0.6,0.007
21,2014-01-21,107,,0.019,0.028,0.3,0.011
22,2014-01-22,93,,0.009,0.051,0.5,0.01
23,2014-01-23,56,,0.005,0.062,0.7,0.009
24,2014-01-24,67,,0.003,0.068,0.9,0.009
25,2014-01-25,46,,0.007,0.044,0.4,0.006
26,2014-01-26,34,,0.02,0.025,0.1,0.005
27,2014-01-27,38,,0.004,0.054,0.4,0.007
28,2014-01-28,28,,0.012,0.034,0.1,0.005
29,2014-01-29,41,,0.005,0.057,0.6,0.007
30,2014-01-30,37,,0.013,0.037,0.2,0.006
31,2014-01-31,24,,0.012,0.037,0.3,0.006
1,2014-02-01,26,,0.004,0.046,0.4,0.005
2,2014-02-02,21,,0.008,0.036,0.4,0.004
3,2014-02-03,63,,0.024,0.017,0.2,0.005
4,2014-02-04,36,,0.027,0.016,0.1,0.005
5,2014-02-05,43,,0.017,0.03,0.3,0.007
6,2014-02-06,44,,0.008,0.046,0.6,0.007
7,2014-02-07,17,,0.015,0.033,0.4,0.005
8,2014-02-08,10,,0.019,0.026,0.3,0.004
9,2014-02-09,20,,0.023,0.023,0.4,0.004
10,2014-02-10,23,,0.021,0.031,0.4,0.005
11,2014-02-11,18,,0.017,0.034,0.5,0.005
12,2014-02-12,21,,0.012,0.038,0.5,0.005
13,2014-02-13,24,,0.015,0.038,0.5,0.005
14,2014-02-14,18,,0.018,0.035,0.5,0.005
15,2014-02-15,29,,0.018,0.038,0.6,0.005
16,2014-02-16,57,,0.014,0.05,0.8,0.008
17,2014-02-17,79,,0.018,0.048,0.9,0.01
18,2014-02-18,23,,0.024,0.03,0.5,0.005
19,2014-02-19,30,,0.013,0.04,0.5,0.005
20,2014-02-20,63,,0.023,0.036,0.7,0.008
21,2014-02-21,62,,0.026,0.036,0.7,0.008
22,2014-02-22,91,,0.025,0.047,1,0.01
23,2014-02-23,103,,0.024,0.045,1,0.011
24,2014-02-24,156,,0.022,0.053,1.3,0.016
25,2014-02-25,169,,0.011,0.072,1.5,0.013
26,2014-02-26,133,,0.013,0.073,1.2,0.011
27,2014-02-27,113,,0.015,0.065,1.1,0.01
28,2014-02-28,113,,0.019,0.052,1,0.01
1,2014-03-01,91,,0.013,0.051,0.9,0.009
2,2014-03-02,30,,0.027,0.025,0.5,0.006
3,2014-03-03,59,,0.015,0.051,0.8,0.01
4,2014-03-04,77,,0.016,0.065,1,0.011
5,2014-03-05,33,,0.035,0.017,0.3,0.006
6,2014-03-06,31,,0.029,0.023,0.5,0.007
7,2014-03-07,27,,0.03,0.022,0.5,0.007
8,2014-03-08,39,,0.02,0.037,0.6,0.008
9,2014-03-09,33,,0.027,0.023,0.5,0.006
10,2014-03-10,35,,0.02,0.033,0.5,0.007
11,2014-03-11,33,,0.008,0.048,0.7,0.007
12,2014-03-12,54,,0.004,0.06,0.7,0.007
13,2014-03-13,44,,0.021,0.031,0.4,0.007
14,2014-03-14,58,,0.024,0.036,0.4,0.007
15,2014-03-15,91,,0.023,0.042,0.5,0.01
16,2014-03-16,93,,0.023,0.042,0.5,0.01
17,2014-03-17,63,,0.013,0.049,0.5,0.008
18,2014-03-18,122,,0.019,0.035,0.4,0.007
19,2014-03-19,119,,0.009,0.054,0.5,0.008
20,2014-03-20,65,,0.017,0.035,0.3,0.007
21,2014-03-21,28,,0.023,0.022,0.2,0.006
22,2014-03-22,55,,0.016,0.045,0.4,0.009
23,2014-03-23,76,,0.028,0.038,0.5,0.01
24,2014-03-24,50,,0.021,0.047,0.4,0.009
25,2014-03-25,53,,0.017,0.043,0.3,0.008
26,2014-03-26,61,,0.014,0.049,0.4,0.008
27,2014-03-27,82,,0.011,0.068,0.6,0.011
28,2014-03-28,108,,0.029,0.046,0.7,0.01
29,2014-03-29,53,,0.017,0.052,0.4,0.007
30,2014-03-30,36,,0.028,0.026,0.3,0.006
31,2014-03-31,62,,0.011,0.06,0.6,0.007
1,2014-04-01,66,,0.014,0.063,0.5,0.007
2,2014-04-02,59,,0.018,0.058,0.4,0.009
3,2014-04-03,55,,0.015,0.05,0.4,0.007
4,2014-04-04,20,,0.025,0.022,0.2,0.005
5,2014-04-05,38,,0.023,0.027,0.2,0.006
6,2014-04-06,37,,0.026,0.018,0.2,0.006
7,2014-04-07,63,,0.02,0.042,0.4,0.009
8,2014-04-08,45,,0.018,0.048,0.3,0.008
9,2014-04-09,66,,0.013,0.052,0.5,0.007
10,2014-04-10,60,,0.017,0.051,0.5,0.007
11,2014-04-11,67,,0.02,0.052,0.5,0.008
12,2014-04-12,70,,0.012,0.055,0.6,0.008
13,2014-04-13,70,,0.034,0.043,0.5,0.008
14,2014-04-14,67,,0.023,0.061,0.6,0.008
15,2014-04-15,71,,0.018,0.051,0.5,0.008
16,2014-04-16,147,,0.018,0.054,0.8,0.011
17,2014-04-17,85,,0.023,0.059,0.7,0.008
18,2014-04-18,64,,0.031,0.04,0.5,0.006
19,2014-04-19,44,,0.03,0.035,0.4,0.005
20,2014-04-20,40,,0.044,0.025,0.3,0.006
21,2014-04-21,52,,0.041,0.031,0.4,0.007
22,2014-04-22,54,,0.03,0.047,0.5,0.008
23,2014-04-23,81,,0.033,0.056,0.7,0.011
24,2014-04-24,104,,0.035,0.05,0.8,0.009
25,2014-04-25,60,,0.026,0.068,0.7,0.008
26,2014-04-26,50,,0.025,0.058,0.5,0.008
27,2014-04-27,27,,0.03,0.03,0.3,0.006
28,2014-04-28,13,,0.025,0.03,0.3,0.005
29,2014-04-29,14,,0.035,0.027,0.3,0.005
30,2014-04-30,25,,0.035,0.028,0.3,0.006
1,2014-05-01,50,,0.035,0.033,0.4,0.008
2,2014-05-02,76,,0.032,0.042,0.6,0.008
3,2014-05-03,26,,0.033,0.023,0.3,0.006
4,2014-05-04,36,,0.026,0.035,0.4,0.007
5,2014-05-05,34,,0.039,0.016,0.2,0.006
6,2014-05-06,37,,0.031,0.027,0.3,0.008
7,2014-05-07,43,,0.032,0.04,0.4,0.008
8,2014-05-08,33,,0.033,0.029,0.4,0.006
9,2014-05-09,40,,0.026,0.04,0.6,0.007
10,2014-05-10,34,,0.025,0.049,0.5,0.006
11,2014-05-11,30,,0.038,0.031,0.4,0.006
12,2014-05-12,41,,0.044,0.025,0.6,0.007
13,2014-05-13,89,,0.048,0.039,0.8,0.012
14,2014-05-14,73,,0.064,0.031,0.6,0.011
15,2014-05-15,47,,0.042,0.028,0.5,0.007
16,2014-05-16,50,,0.029,0.039,0.6,0.009
17,2014-05-17,48,,0.012,0.057,0.6,0.009
31,2014-05-18,,,,,,
18,2014-05-19,59,,0.035,0.05,0.5,0.007
19,2014-05-20,69,,0.031,0.04,0.4,0.005
20,2014-05-21,53,,0.034,0.028,0.3,0.004
21,2014-05-22,48,,0.029,0.048,0.5,0.006
22,2014-05-23,70,,0.029,0.046,0.6,0.006
23,2014-05-24,63,,0.03,0.042,0.5,0.006
24,2014-05-25,46,,0.031,0.033,0.4,0.005
25,2014-05-26,78,,0.038,0.03,0.4,0.004
26,2014-05-27,150,,0.049,0.045,0.6,0.008
27,2014-05-28,166,,0.065,0.045,0.6,0.007
28,2014-05-29,122,,0.053,0.042,0.6,0.007
29,2014-05-30,68,,0.03,0.059,0.5,0.008
30,2014-05-31,108,,0.047,0.053,0.6,0.008
1,2014-06-01,83,,0.052,0.031,0.4,0.006
2,2014-06-02,79,,0.017,0.052,0.5,0.004
3,2014-06-03,27,,0.021,0.036,0.4,0.003
4,2014-06-04,20,,0.04,0.025,0.1,0.003
5,2014-06-05,18,,0.033,0.032,0.2,0.003
6,2014-06-06,25,,0.039,0.029,0.1,0.003
7,2014-06-07,33,,0.033,0.04,0.2,0.005
8,2014-06-08,30,,0.043,0.021,0.1,0.004
9,2014-06-09,37,,0.029,0.036,0.2,0.004
10,2014-06-10,30,,0.026,0.042,0.3,0.003
11,2014-06-11,20,,0.017,0.037,0.2,0.002
12,2014-06-12,25,,0.026,0.031,0.2,0.003
13,2014-06-13,51,,0.034,0.038,0.3,0.003
14,2014-06-14,36,,0.046,0.033,0.2,0.005
15,2014-06-15,39,,0.051,0.027,0.2,0.004
16,2014-06-16,34,,0.031,0.039,0.2,0.005
17,2014-06-17,72,,0.04,0.048,0.4,0.006
18,2014-06-18,55,,0.05,0.033,0.3,0.004
19,2014-06-19,47,,0.038,0.029,0.2,0.003
20,2014-06-20,49,,0.035,0.035,0.3,0.002
21,2014-06-21,23,,0.03,0.032,0.2,0.002
22,2014-06-22,20,,0.032,0.029,0.1,0.002
23,2014-06-23,28,,0.02,0.043,0.3,0.002
24,2014-06-24,37,,0.031,0.032,0.2,0.003
25,2014-06-25,49,,0.037,0.035,0.3,0.004
26,2014-06-26,43,,0.039,0.031,0.2,0.003
27,2014-06-27,30,,0.033,0.025,0.1,0.002
28,2014-06-28,34,,0.055,0.023,0.1,0.003
29,2014-06-29,30,,0.049,0.027,0.1,0.003
30,2014-06-30,32,,0.04,0.034,0.1,0.004
1,2014-07-01,41,,0.053,0.038,0.2,0.004
2,2014-07-02,72,,0.044,0.043,0.3,0.005
3,2014-07-03,22,,0.024,0.033,0.1,0.002
4,2014-07-04,18,,0.033,0.032,0.1,0.002
5,2014-07-05,29,,0.026,0.045,0.1,0.004
6,2014-07-06,24,,0.025,0.036,0.1,0.002
7,2014-07-07,31,,0.04,0.036,0.2,0.002
8,2014-07-08,26,,0.026,0.035,0.3,0.003
9,2014-07-09,20,,0.008,0.036,0.3,0.002
10,2014-07-10,29,,0.029,0.024,0.1,0.002
11,2014-07-11,57,,0.06,0.029,0.5,0.005
12,2014-07-12,67,,0.053,0.028,0.4,0.004
13,2014-07-13,51,,0.04,0.022,0.3,0.003
14,2014-07-14,70,,0.047,0.03,0.4,0.003
15,2014-07-15,85,,0.046,0.034,0.5,0.003
16,2014-07-16,48,,0.04,0.031,0.3,0.004
17,2014-07-17,21,,0.024,0.03,0.2,0.003
18,2014-07-18,15,,0.022,0.034,0.2,0.002
19,2014-07-19,42,,0.022,0.028,0.1,0.004
20,2014-07-20,54,,0.033,0.022,0.2,0.003
21,2014-07-21,50,,0.021,0.03,0.2,0.004
22,2014-07-22,19,,0.004,0.024,0.1,0.002
23,2014-07-23,16,,0.01,0.033,0.1,0.001
24,2014-07-24,12,,0.016,0.04,0.2,0.001
25,2014-07-25,17,,0.008,0.034,0.2,0.001
26,2014-07-26,35,,0.043,0.019,0.1,0.001
27,2014-07-27,75,,0.06,0.025,0.2,0.002
28,2014-07-28,58,,0.038,0.039,0.3,0.001
29,2014-07-29,39,,0.032,0.042,0.2,0.002
30,2014-07-30,26,,0.02,0.032,0.1,0.002
31,2014-07-31,26,,0.012,0.035,0.1,0.003
1,2014-08-01,16,,0.011,0.036,0.1,0.001
2,2014-08-02,14,,0.012,0.026,0.1,0.001
3,2014-08-03,9,,0.014,0.022,0.1,0.001
4,2014-08-04,9,,0.016,0.026,0.1,0.001
5,2014-08-05,47,,0.029,0.027,0.2,0.003
6,2014-08-06,41,,0.025,0.037,0.2,0.002
7,2014-08-07,40,,0.011,0.042,0.2,0.002
8,2014-08-08,21,,0.017,0.033,0.2,0.001
9,2014-08-09,20,,0.034,0.028,0.3,0.002
10,2014-08-10,10,,0.029,0.017,0.3,0.002
11,2014-08-11,23,,0.026,0.023,0.3,0.002
12,2014-08-12,56,,0.051,0.024,0.5,0.004
13,2014-08-13,68,,0.014,0.045,0.7,0.004
14,2014-08-14,27,,0.017,0.039,0.5,0.002
15,2014-08-15,29,,0.027,0.032,0.4,0.003
16,2014-08-16,36,,0.029,0.033,0.4,0.003
17,2014-08-17,28,,0.013,0.04,0.4,0.002
18,2014-08-18,11,,0.016,0.029,0.4,0.002
19,2014-08-19,15,,0.011,0.035,0.4,0.002
20,2014-08-20,33,,0.009,0.038,0.5,0.003
21,2014-08-21,14,,0.011,0.031,0.4,0.002
22,2014-08-22,67,,0.034,0.029,0.6,0.004
23,2014-08-23,70,,0.029,0.028,0.5,0.004
24,2014-08-24,52,,0.03,0.033,0.5,0.004
25,2014-08-25,43,,0.021,0.032,0.5,0.002
26,2014-08-26,13,,0.027,0.03,0.3,0.002
27,2014-08-27,10,,0.016,0.028,0.3,0.002
28,2014-08-28,17,,0.026,0.028,0.3,0.002
29,2014-08-29,23,,0.021,0.04,0.4,0.002
30,2014-08-30,22,,0.026,0.033,0.3,0.003
31,2014-08-31,24,,0.021,0.036,0.4,0.003
1,2014-09-01,30,,0.021,0.045,0.5,0.003
2,2014-09-02,22,,0.011,0.04,0.4,0.003
3,2014-09-03,6,,0.016,0.027,0.3,0.002
4,2014-09-04,15,,0.022,0.028,0.2,0.003
5,2014-09-05,24,,0.025,0.033,0.3,0.004
6,2014-09-06,32,,0.031,0.031,0.3,0.004
7,2014-09-07,42,,0.033,0.027,0.4,0.003
8,2014-09-08,48,,0.036,0.024,0.4,0.004
9,2014-09-09,63,,0.045,0.022,0.4,0.006
10,2014-09-10,24,,0.026,0.035,0.3,0.003
11,2014-09-11,33,,0.026,0.034,0.3,0.003
12,2014-09-12,37,,0.01,0.05,0.5,0.003
13,2014-09-13,20,,0.017,0.036,0.3,0.003
14,2014-09-14,15,,0.026,0.024,0.2,0.004
15,2014-09-15,33,,0.044,0.023,0.3,0.004
16,2014-09-16,32,,0.027,0.033,0.2,0.004
17,2014-09-17,45,,0.013,0.043,0.3,0.005
18,2014-09-18,21,,0.011,0.042,0.3,0.004
19,2014-09-19,27,,0.015,0.049,0.4,0.004
20,2014-09-20,31,,0.022,0.051,0.3,0.004
21,2014-09-21,30,,0.016,0.048,0.3,0.005
22,2014-09-22,28,,0.017,0.05,0.4,0.004
23,2014-09-23,24,,0.016,0.05,0.3,0.004
24,2014-09-24,18,,0.016,0.038,0.3,0.003
25,2014-09-25,22,,0.019,0.048,0.3,0.005
26,2014-09-26,25,,0.011,0.046,0.4,0.004
27,2014-09-27,30,,0.023,0.036,0.3,0.005
28,2014-09-28,39,,0.015,0.039,0.4,0.004
29,2014-09-29,42,,0.009,0.044,0.5,0.003
30,2014-09-30,21,,0.013,0.03,0.3,0.003
1,2014-10-01,24,,0.019,0.022,0.3,0.004
2,2014-10-02,32,,0.011,0.039,0.5,0.004
3,2014-10-03,21,,0.026,0.023,0.6,0.004
4,2014-10-04,20,,0.013,0.031,0.4,0.004
5,2014-10-05,18,,0.03,0.021,0.1,0.004
6,2014-10-06,18,,0.027,0.025,0.2,0.004
7,2014-10-07,29,,0.016,0.04,0.4,0.005
8,2014-10-08,34,,0.015,0.051,0.5,0.004
9,2014-10-09,39,,0.028,0.049,0.5,0.005
10,2014-10-10,41,,0.016,0.047,0.5,0.004
11,2014-10-11,31,,0.022,0.033,0.3,0.004
12,2014-10-12,31,,0.016,0.046,0.4,0.004
13,2014-10-13,23,,0.023,0.018,0.2,0.004
14,2014-10-14,23,,0.019,0.021,0.2,0.004
15,2014-10-15,31,,0.018,0.032,0.4,0.005
16,2014-10-16,34,,0.021,0.022,0.3,0.005
17,2014-10-17,31,,0.014,0.031,0.4,0.005
18,2014-10-18,37,,0.008,0.041,0.6,0.007
19,2014-10-19,56,,0.016,,0.6,0.007
20,2014-10-20,29,,0.011,0.022,0.6,0.005
21,2014-10-21,16,,0.008,0.012,0.5,0.004
22,2014-10-22,16,,0.016,0.018,0.4,0.004
23,2014-10-23,27,,0.009,0.03,0.6,0.005
24,2014-10-24,38,,0.009,0.039,0.8,0.006
25,2014-10-25,45,,0.011,0.043,0.8,0.006
26,2014-10-26,34,,0.018,,0.6,0.006
27,2014-10-27,43,,0.015,,0.3,0.005
28,2014-10-28,58,,0.006,0.063,0.6,0.006
29,2014-10-29,57,,0.004,0.07,0.9,0.006
30,2014-10-30,58,,0.004,0.076,1,0.006
31,2014-10-31,46,,0.006,0.061,0.9,0.006
1,2014-11-01,36,,0.018,0.035,0.5,0.005
2,2014-11-02,55,,0.037,0.016,0.4,0.005
3,2014-11-03,37,,0.02,0.023,0.3,0.005
4,2014-11-04,27,,0.008,0.042,0.6,0.006
5,2014-11-05,29,,0.01,0.044,0.7,0.006
6,2014-11-06,54,,0.022,0.04,0.8,0.008
7,2014-11-07,47,,0.011,0.039,0.6,0.007
8,2014-11-08,59,,0.006,0.049,0.9,0.007
9,2014-11-09,55,,0.022,0.031,0.6,0.007
10,2014-11-10,53,,0.014,0.05,0.9,0.007
11,2014-11-11,65,,0.011,0.06,1.1,0.007
12,2014-11-12,39,,0.027,0.016,0.4,0.006
13,2014-11-13,75,,0.026,0.014,0.5,0.005
14,2014-11-14,29,,0.012,0.037,0.7,0.007
15,2014-11-15,30,,0.015,0.029,0.6,0.007
16,2014-11-16,41,,0.011,0.043,0.7,0.009
17,2014-11-17,30,,0.018,0.03,0.7,0.006
18,2014-11-18,31,,0.017,0.032,0.7,0.006
19,2014-11-19,50,,0.011,0.049,1.1,0.007
20,2014-11-20,60,,0.011,0.059,1.3,0.008
21,2014-11-21,58,,0.011,0.057,1.1,0.009
22,2014-11-22,41,,0.011,0.045,0.9,0.007
23,2014-11-23,63,,0.012,0.039,1,0.006
24,2014-11-24,63,,0.007,0.042,1,0.008
25,2014-11-25,29,,0.015,0.03,0.8,0.007
26,2014-11-26,27,,0.016,0.031,0.8,0.006
27,2014-11-27,46,,0.006,0.049,1.2,0.007
28,2014-11-28,27,,0.006,0.037,0.9,0.005
29,2014-11-29,19,,0.011,0.029,0.9,0.005
30,2014-11-30,13,,0.012,0.026,0.8,0.005
1,2014-12-01,43,,0.025,0.013,0.8,0.006
2,2014-12-02,90,,0.018,0.017,0.7,0.006
3,2014-12-03,25,,0.013,0.025,0.3,0.006
4,2014-12-04,43,,0.02,0.02,0.3,0.007
5,2014-12-05,28,,0.021,0.018,0.3,0.007
6,2014-12-06,31,,0.022,0.017,0.3,0.007
7,2014-12-07,44,,0.007,0.034,0.6,0.008
8,2014-12-08,36,,0.013,0.032,0.6,0.007
9,2014-12-09,49,,0.007,0.043,0.8,0.008
10,2014-12-10,46,,0.003,0.049,1,0.008
11,2014-12-11,47,,0.014,0.024,0.6,0.007
12,2014-12-12,37,,0.012,0.03,0.6,0.007
13,2014-12-13,29,,0.018,0.017,0.4,0.008
14,2014-12-14,33,,0.008,0.029,0.6,0.009
15,2014-12-15,49,,0.003,0.038,1.1,0.007
16,2014-12-16,31,,0.017,0.019,0.6,0.008
17,2014-12-17,19,,0.023,0.013,0.4,0.006
18,2014-12-18,26,,0.015,0.025,0.6,0.006
19,2014-12-19,43,,0.003,0.043,1.1,0.007
20,2014-12-20,27,,0.013,0.025,0.7,0.006
21,2014-12-21,19,,0.015,0.018,0.5,0.006
22,2014-12-22,29,,0.008,0.033,0.9,0.006
23,2014-12-23,42,,0.003,0.048,1.5,0.007
24,2014-12-24,51,,0.012,0.038,1.2,0.008
25,2014-12-25,27,,0.021,0.018,0.6,0.006
26,2014-12-26,31,,0.012,0.026,0.7,0.006
27,2014-12-27,46,,0.004,0.042,1.2,0.007
28,2014-12-28,56,,0.003,0.049,1.5,0.008
29,2014-12-29,111,,0.005,0.046,1.6,0.013
30,2014-12-30,102,,0.008,0.037,1.3,0.01
31,2014-12-31,34,,0.016,0.023,0.8,0.006
1,2015-01-01,65,11,0.021,0.011,0.6,0.006
2,2015-01-02,29,10,0.017,0.018,0.7,0.007
3,2015-01-03,36,16,0.005,0.033,1,0.008
4,2015-01-04,42,20,0.004,0.038,1.2,0.008
5,2015-01-05,75,37,0.004,0.043,1.3,0.009
6,2015-01-06,38,12,0.023,0.016,0.3,0.006
7,2015-01-07,34,11,0.021,0.017,0.2,0.007
8,2015-01-08,41,16,0.012,0.027,0.4,0.007
9,2015-01-09,44,21,0.007,0.036,0.7,0.008
10,2015-01-10,34,16,0.011,0.031,0.6,0.009
11,2015-01-11,42,18,0.02,0.017,0.5,0.009
12,2015-01-12,42,19,0.01,0.031,0.6,0.008
13,2015-01-13,51,25,0.004,0.044,1,0.009
14,2015-01-14,72,36,0.003,0.048,1.2,0.01
15,2015-01-15,61,29,0.006,0.043,0.9,0.009
16,2015-01-16,83,38,0.014,0.027,0.9,0.009
17,2015-01-17,34,14,0.021,0.017,0.4,0.007
18,2015-01-18,35,14,0.007,0.031,0.7,0.007
19,2015-01-19,63,29,0.019,0.021,0.8,0.008
20,2015-01-20,47,22,0.006,0.035,0.8,0.007
21,2015-01-21,57,27,0.004,0.041,1.1,0.008
22,2015-01-22,40,20,0.01,0.034,1,0.008
23,2015-01-23,39,19,0.008,0.034,0.9,0.008
24,2015-01-24,51,24,0.011,0.035,0.9,0.009
25,2015-01-25,62,30,0.005,0.034,0.9,0.007
26,2015-01-26,38,22,0.016,0.028,0.6,0.006
27,2015-01-27,49,22,0.021,0.023,0.3,0.007
28,2015-01-28,42,15,0.014,0.035,0.5,0.007
29,2015-01-29,48,22,0.004,0.049,0.9,0.007
30,2015-01-30,39,17,0.02,0.027,0.6,0.007
31,2015-01-31,39,16,0.018,0.03,0.5,0.008
1,2015-02-01,28,13,0.014,0.037,0.6,0.006
2,2015-02-02,43,20,0.004,0.06,1,0.007
3,2015-02-03,58,30,0.003,0.065,1,0.009
4,2015-02-04,78,42,0.011,0.061,1.3,0.01
5,2015-02-05,90,47,0.025,0.039,1,0.012
6,2015-02-06,51,24,0.014,0.046,0.8,0.009
7,2015-02-07,43,21,0.014,0.046,0.9,0.009
8,2015-02-08,104,15,0.028,0.013,0.4,0.005
9,2015-02-09,40,15,0.014,0.031,0.7,0.007
10,2015-02-10,99,44,0.007,0.05,1.1,0.014
11,2015-02-11,92,43,0.013,0.049,1.1,0.011
12,2015-02-12,34,11,0.028,0.022,0.5,0.007
13,2015-02-13,31,13,0.021,0.031,0.6,0.007
14,2015-02-14,60,29,0.009,0.055,1.1,0.009
15,2015-02-15,80,36,0.015,0.048,0.9,0.01
16,2015-02-16,45,21,0.005,0.047,0.9,0.006
17,2015-02-17,65,31,0.026,0.026,0.8,0.007
18,2015-02-18,61,37,0.03,0.021,0.8,0.008
19,2015-02-19,63,36,0.016,0.037,0.9,0.007
20,2015-02-20,50,28,0.014,0.043,0.8,0.007
21,2015-02-21,24,13,0.007,0.045,0.6,0.006
22,2015-02-22,245,25,0.019,0.026,0.5,0.006
23,2015-02-23,566,55,0.021,0.024,0.6,0.005
24,2015-02-24,104,20,0.02,0.032,0.7,0.006
25,2015-02-25,86,23,0.005,0.049,1,0.007
26,2015-02-26,18,8,0.03,0.018,0.2,0.004
27,2015-02-27,31,17,0.026,0.025,0.4,0.005
28,2015-02-28,47,26,0.007,0.054,0.6,0.005
1,2015-03-01,105,38,0.025,0.028,0.3,0.005
2,2015-03-02,94,32,0.018,0.044,0.5,0.006
3,2015-03-03,54,28,0.019,0.041,0.5,0.006
4,2015-03-04,43,19,0.034,0.014,0.4,0.004
5,2015-03-05,42,28,0.021,0.032,0.5,0.005
6,2015-03-06,43,27,0.01,0.047,0.6,0.006
7,2015-03-07,45,27,0.022,0.04,0.6,0.005
8,2015-03-08,86,52,0.024,0.045,0.7,0.008
9,2015-03-09,71,37,0.035,0.022,0.4,0.006
10,2015-03-10,33,13,0.032,0.011,0.4,0.003
11,2015-03-11,44,17,0.032,0.023,0.3,0.005
12,2015-03-12,32,17,0.026,0.029,0.3,0.005
13,2015-03-13,43,24,0.03,0.028,0.3,0.006
14,2015-03-14,36,22,0.024,0.036,0.3,0.006
15,2015-03-15,40,28,0.017,0.051,0.5,0.008
16,2015-03-16,92,47,0.012,0.067,0.7,0.008
17,2015-03-17,130,69,0.007,0.088,1.1,0.011
18,2015-03-18,79,41,0.013,0.053,0.7,0.006
19,2015-03-19,55,29,0.02,0.047,0.5,0.006
20,2015-03-20,102,42,0.017,0.066,0.8,0.008
21,2015-03-21,172,67,0.031,0.057,0.8,0.012
22,2015-03-22,144,53,0.029,0.033,0.6,0.008
23,2015-03-23,57,23,0.035,0.018,0.3,0.005
24,2015-03-24,42,23,0.022,0.039,0.4,0.005
25,2015-03-25,41,24,0.018,0.047,0.4,0.006
26,2015-03-26,42,24,0.02,0.052,0.5,0.008
27,2015-03-27,53,28,0.018,0.06,0.5,0.007
28,2015-03-28,46,26,0.025,0.059,0.5,0.009
29,2015-03-29,71,33,0.028,0.038,0.5,0.007
30,2015-03-30,156,54,0.019,0.057,0.8,0.007
31,2015-03-31,110,53,0.016,0.059,0.9,0.007
1,2015-04-01,23,16,0.023,0.033,0.6,0.004
2,2015-04-02,25,16,0.019,0.034,0.5,0.004
3,2015-04-03,36,24,0.012,0.039,0.7,0.004
4,2015-04-04,15,11,0.024,0.034,0.2,0.003
5,2015-04-05,16,12,0.02,0.03,0.2,0.003
6,2015-04-06,58,26,0.021,0.03,0.2,0.004
7,2015-04-07,41,20,0.019,0.03,0.2,0.004
8,2015-04-08,30,19,0.025,0.031,0.1,0.004
9,2015-04-09,48,27,0.019,0.055,0.3,0.006
10,2015-04-10,53,31,0.03,0.049,0.3,0.006
11,2015-04-11,68,38,0.025,0.059,0.4,0.006
12,2015-04-12,49,30,0.029,0.048,0.3,0.005
13,2015-04-13,29,19,0.039,0.029,0.2,0.004
14,2015-04-14,20,18,0.033,0.036,0.3,0.004
15,2015-04-15,45,33,0.037,0.037,0.4,0.006
16,2015-04-16,82,34,0.021,0.049,0.5,0.005
17,2015-04-17,71,22,0.025,0.04,0.3,0.005
18,2015-04-18,61,25,0.012,0.062,0.5,0.006
19,2015-04-19,32,18,0.021,0.039,0.4,0.004
20,2015-04-20,14,12,0.033,0.034,0.3,0.004
21,2015-04-21,45,25,0.023,0.049,0.5,0.006
22,2015-04-22,73,39,0.036,0.048,0.5,0.008
23,2015-04-23,66,39,0.027,0.053,0.5,0.006
24,2015-04-24,74,36,0.047,0.035,0.3,0.006
25,2015-04-25,63,28,0.019,0.053,0.4,0.006
26,2015-04-26,59,32,0.04,0.041,0.4,0.008
27,2015-04-27,65,36,0.042,0.046,0.5,0.009
28,2015-04-28,47,27,0.023,0.056,0.4,0.006
29,2015-04-29,44,30,0.017,0.043,0.5,0.005
30,2015-04-30,31,21,0.026,0.042,0.4,0.004
1,2015-05-01,39,27,0.033,0.046,0.5,0.005
2,2015-05-02,36,25,0.028,0.037,0.4,0.005
3,2015-05-03,23,19,0.021,0.027,0.4,0.003
4,2015-05-04,53,20,0.03,0.022,0.2,0.004
5,2015-05-05,38,17,0.033,0.028,0.3,0.005
6,2015-05-06,46,20,0.027,0.048,0.4,0.006
7,2015-05-07,41,21,0.022,0.054,0.4,0.005
8,2015-05-08,53,30,0.027,0.046,0.5,0.007
9,2015-05-09,38,24,0.043,0.029,0.3,0.005
10,2015-05-10,38,21,0.034,0.031,0.3,0.005
11,2015-05-11,44,25,0.023,0.046,0.4,0.004
12,2015-05-12,40,21,0.038,0.024,0.4,0.005
13,2015-05-13,68,25,0.047,0.03,0.4,0.006
14,2015-05-14,58,34,0.042,0.039,0.4,0.006
15,2015-05-15,96,57,0.042,0.032,0.6,0.005
16,2015-05-16,52,32,0.038,0.041,0.4,0.005
17,2015-05-17,53,36,0.046,0.037,0.4,0.006
18,2015-05-18,42,26,0.027,0.047,0.4,0.005
19,2015-05-19,49,36,0.037,0.033,0.5,0.004
20,2015-05-20,40,21,0.033,0.027,0.4,0.004
21,2015-05-21,42,25,0.039,0.038,0.4,0.007
22,2015-05-22,58,31,0.04,0.049,0.5,0.009
23,2015-05-23,45,26,0.036,0.049,0.4,0.005
24,2015-05-24,30,19,0.041,0.035,0.3,0.004
25,2015-05-25,43,28,0.034,0.041,0.4,0.007
26,2015-05-26,40,27,0.027,0.049,0.4,0.006
27,2015-05-27,38,24,0.03,0.056,0.4,0.005
28,2015-05-28,37,24,0.04,0.055,0.4,0.005
29,2015-05-29,46,29,0.03,0.053,0.4,0.006
30,2015-05-30,38,26,0.027,0.035,0.4,0.005
31,2015-05-31,43,29,0.035,0.035,0.4,0.005
1,2015-06-01,39,26,0.036,0.045,0.4,0.008
2,2015-06-02,34,24,0.041,0.036,0.4,0.005
3,2015-06-03,43,19,0.043,0.016,0.2,0.004
4,2015-06-04,40,21,0.04,0.044,0.5,0.006
5,2015-06-05,33,22,0.026,0.051,0.5,0.005
6,2015-06-06,31,21,0.041,0.035,0.4,0.005
7,2015-06-07,31,21,0.054,0.024,0.4,0.005
8,2015-06-08,35,26,0.045,0.029,0.4,0.006
9,2015-06-09,41,29,0.044,0.024,0.4,0.005
10,2015-06-10,47,32,0.042,0.043,0.5,0.005
11,2015-06-11,39,27,0.03,0.044,0.5,0.004
12,2015-06-12,41,30,0.05,0.03,0.5,0.005
13,2015-06-13,72,38,0.049,0.033,0.6,0.005
14,2015-06-14,28,22,0.06,0.016,0.5,0.004
15,2015-06-15,35,26,0.049,0.027,0.6,0.003
16,2015-06-16,44,31,0.041,0.033,0.6,0.004
17,2015-06-17,39,29,0.04,0.035,0.6,0.004
18,2015-06-18,24,19,0.04,0.025,0.5,0.002
19,2015-06-19,24,18,0.045,0.022,0.4,0.003
20,2015-06-20,35,27,0.028,0.031,0.6,0.003
21,2015-06-21,21,16,0.039,0.022,0.5,0.003
22,2015-06-22,29,22,0.036,0.032,0.5,0.005
23,2015-06-23,32,24,0.046,0.028,0.5,0.005
24,2015-06-24,36,29,0.045,0.033,0.6,0.005
25,2015-06-25,41,30,0.026,0.04,0.6,0.004
26,2015-06-26,11,8,0.038,0.017,0.4,0.002
27,2015-06-27,11,10,0.035,,0.4,0.002
28,2015-06-28,22,16,0.037,,0.4,0.004
29,2015-06-29,22,16,0.044,,0.4,0.004
30,2015-06-30,26,21,0.033,0.036,0.6,0.002
1,2015-07-01,34,19,0.043,0.012,0.5,0.003
2,2015-07-02,53,32,0.054,0.012,0.7,0.004
3,2015-07-03,37,22,0.037,0.015,0.5,0.003
4,2015-07-04,30,17,0.042,0.021,0.5,0.004
5,2015-07-05,33,19,0.045,0.015,0.5,0.005
6,2015-07-06,29,17,0.036,0.022,0.5,0.003
7,2015-07-07,35,20,0.027,0.029,0.6,0.003
8,2015-07-08,10,5,0.029,0.017,0.5,0.002
9,2015-07-09,12,6,0.024,0.02,0.5,0.002
10,2015-07-10,21,12,0.031,0.021,0.5,0.002
11,2015-07-11,27,17,0.032,0.028,0.5,0.002
12,2015-07-12,10,6,0.007,0.013,0.4,0.002
13,2015-07-13,34,20,0.028,0.019,0.6,0.002
14,2015-07-14,63,38,0.051,0.028,0.7,0.004
15,2015-07-15,49,30,0.03,0.031,0.7,0.003
16,2015-07-16,12,5,0.021,0.019,0.4,0.002
17,2015-07-17,12,6,0.021,0.021,0.4,0.002
18,2015-07-18,29,16,0.026,0.025,0.4,0.003
19,2015-07-19,23,15,0.031,0.02,0.5,0.002
20,2015-07-20,22,13,0.009,0.029,0.5,0.002
21,2015-07-21,22,13,0.016,0.023,0.5,0.002
22,2015-07-22,31,19,0.015,0.04,0.6,0.003
23,2015-07-23,26,17,0.012,0.037,0.6,0.003
24,2015-07-24,15,9,0.007,0.029,0.6,0.002
25,2015-07-25,18,10,0.008,0.02,0.4,0.001
26,2015-07-26,17,9,0.012,0.01,0.4,0.002
27,2015-07-27,26,15,0.006,0.016,0.4,0.002
28,2015-07-28,34,22,0.021,0.012,0.4,0.003
29,2015-07-29,37,25,0.02,,0.6,0.002
30,2015-07-30,69,48,0.035,,0.6,0.003
31,2015-07-31,59,38,0.039,0.025,0.5,0.003
1,2015-08-01,47,31,0.034,0.019,0.5,0.003
2,2015-08-02,29,21,0.028,0.015,0.5,0.002
3,2015-08-03,28,17,0.014,0.018,0.5,0.004
4,2015-08-04,28,16,0.014,0.017,0.5,0.003
5,2015-08-05,33,21,0.031,0.017,0.4,0.003
6,2015-08-06,32,21,0.028,0.017,0.4,0.003
7,2015-08-07,38,24,0.029,0.027,0.5,0.001
8,2015-08-08,35,20,0.017,0.024,0.5,0.001
9,2015-08-09,19,11,0.024,0.012,0.4,0.001
10,2015-08-10,28,17,0.026,0.013,0.4,0.002
11,2015-08-11,60,37,0.031,0.02,0.6,0.004
12,2015-08-12,51,31,0.034,,0.5,0.005
13,2015-08-13,37,21,0.018,0.038,0.5,0.005
14,2015-08-14,35,20,0.035,0.026,0.5,0.005
15,2015-08-15,67,43,0.051,0.017,0.6,0.007
16,2015-08-16,65,43,0.043,0.016,0.6,0.005
17,2015-08-17,26,18,0.034,0.017,0.4,0.004
18,2015-08-18,22,12,0.034,0.018,0.3,0.005
19,2015-08-19,37,20,0.021,0.031,0.5,0.005
20,2015-08-20,37,23,0.022,0.029,0.5,0.007
21,2015-08-21,28,18,0.019,0.022,0.4,0.006
22,2015-08-22,37,22,0.04,0.023,0.4,0.006
23,2015-08-23,37,22,0.041,0.022,0.4,0.005
24,2015-08-24,29,18,0.023,0.025,0.4,0.005
25,2015-08-25,6,3,0.016,0.016,0.2,0.005
26,2015-08-26,9,4,0.021,0.018,0.2,0.005
27,2015-08-27,21,10,0.033,0.02,0.2,0.006
28,2015-08-28,26,15,0.018,0.038,0.4,0.006
29,2015-08-29,30,18,0.028,0.031,0.4,0.006
30,2015-08-30,32,21,0.037,0.022,0.3,0.005
31,2015-08-31,31,20,0.032,0.03,0.4,0.005
1,2015-09-01,25,16,0.028,0.025,0.4,0.005
2,2015-09-02,22,15,0.018,0.032,0.4,0.005
3,2015-09-03,22,13,0.033,0.022,0.3,0.005
4,2015-09-04,30,18,0.033,0.025,0.4,0.006
5,2015-09-05,28,17,0.019,0.032,0.4,0.005
6,2015-09-06,13,6,0.028,0.018,0.2,0.005
7,2015-09-07,12,6,0.023,0.026,0.3,0.005
8,2015-09-08,13,7,0.022,0.027,0.3,0.005
9,2015-09-09,16,8,0.025,0.026,0.3,0.004
10,2015-09-10,26,12,0.028,0.024,0.3,0.004
11,2015-09-11,34,20,0.026,0.028,0.4,0.004
12,2015-09-12,19,9,0.027,0.024,0.2,0.004
13,2015-09-13,19,8,0.033,0.021,0.2,0.004
14,2015-09-14,31,17,0.025,0.039,0.5,0.005
15,2015-09-15,25,14,0.017,0.044,0.4,0.004
16,2015-09-16,15,7,0.024,0.033,0.3,0.004
17,2015-09-17,12,6,0.022,0.029,0.3,0.004
18,2015-09-18,17,8,0.024,0.035,0.3,0.004
19,2015-09-19,29,13,0.024,0.033,0.4,0.004
20,2015-09-20,43,26,0.032,0.035,0.5,0.005
21,2015-09-21,43,26,0.023,0.05,0.6,0.005
22,2015-09-22,38,25,0.029,0.053,0.5,0.004
23,2015-09-23,37,21,0.009,0.066,0.6,0.005
24,2015-09-24,35,20,0.02,0.05,0.5,0.005
25,2015-09-25,34,20,0.033,0.042,0.5,0.005
26,2015-09-26,41,24,0.036,0.035,0.5,0.005
27,2015-09-27,31,12,0.024,0.035,0.4,0.004
28,2015-09-28,28,12,0.026,0.033,0.4,0.005
29,2015-09-29,20,9,0.028,0.025,0.3,0.004
30,2015-09-30,17,7,0.019,0.035,0.4,0.004
1,2015-10-01,15,7,0.016,0.03,0.4,0.004
2,2015-10-02,28,9,0.023,0.03,0.4,0.005
3,2015-10-03,40,17,0.04,0.025,0.4,0.005
4,2015-10-04,25,11,0.024,0.032,0.3,0.005
5,2015-10-05,27,13,0.015,0.047,0.5,0.005
6,2015-10-06,29,14,0.015,0.05,0.6,0.005
7,2015-10-07,41,22,0.017,0.053,0.6,0.005
8,2015-10-08,52,27,0.023,0.048,0.6,0.005
9,2015-10-09,31,9,0.029,0.022,0.3,0.005
10,2015-10-10,20,10,0.024,0.031,0.4,0.005
11,2015-10-11,15,8,0.017,0.029,0.4,0.005
12,2015-10-12,16,8,0.019,0.024,0.4,0.005
13,2015-10-13,31,15,0.018,0.047,0.6,0.006
14,2015-10-14,47,25,0.014,0.065,0.9,0.006
15,2015-10-15,59,35,0.018,0.073,0.9,0.007
16,2015-10-16,64,38,0.016,0.071,1,0.007
17,2015-10-17,60,32,0.019,0.065,0.9,0.006
18,2015-10-18,74,45,0.028,0.055,1,0.006
19,2015-10-19,95,60,0.025,0.05,1,0.007
20,2015-10-20,92,55,0.028,0.043,1,0.007
21,2015-10-21,113,66,0.028,,1.1,0.007
22,2015-10-22,74,43,0.015,0.049,0.9,0.006
23,2015-10-23,46,26,0.017,0.047,0.8,0.006
24,2015-10-24,32,19,0.025,0.031,0.7,0.005
25,2015-10-25,30,15,0.019,0.068,0.7,0.005
26,2015-10-26,34,16,0.008,0.051,0.7,0.005
27,2015-10-27,34,12,0.024,0.026,0.6,0.005
28,2015-10-28,29,10,0.022,0.031,0.6,0.006
29,2015-10-29,23,10,0.017,0.033,0.6,0.005
30,2015-10-30,29,10,0.022,0.019,0.5,0.005
31,2015-10-31,29,13,0.015,0.026,0.6,0.006
1,2015-11-01,38,20,0.006,0.04,0.8,0.006
2,2015-11-02,45,23,0.012,0.041,0.9,0.007
3,2015-11-03,67,35,0.016,0.047,1.2,0.008
4,2015-11-04,79,46,0.009,0.062,1.3,0.01
5,2015-11-05,71,41,0.015,0.056,1.3,0.008
6,2015-11-06,47,30,0.015,0.036,0.9,0.006
7,2015-11-07,11,7,0.014,0.028,0.8,0.005
8,2015-11-08,5,3,0.017,0.024,0.7,0.005
9,2015-11-09,12,6,0.014,0.025,0.6,0.004
10,2015-11-10,44,26,0.01,0.037,0.6,0.004
11,2015-11-11,38,21,0.005,0.053,0.8,0.004
12,2015-11-12,17,10,0.009,0.044,0.6,0.004
13,2015-11-13,14,8,0.008,0.042,0.5,0.004
14,2015-11-14,10,5,0.008,0.041,0.4,0.004
15,2015-11-15,15,9,0.011,0.033,0.5,0.004
16,2015-11-16,27,15,0.003,0.042,0.7,0.004
17,2015-11-17,16,9,0.013,0.035,0.6,0.004
18,2015-11-18,11,6,0.013,0.033,0.5,0.004
19,2015-11-19,16,7,0.008,0.035,0.5,0.004
20,2015-11-20,33,18,0.011,0.037,0.7,0.004
21,2015-11-21,44,27,0.01,0.045,0.8,0.005
22,2015-11-22,26,15,0.012,0.034,0.6,0.005
23,2015-11-23,9,4,0.012,0.028,0.5,0.004
24,2015-11-24,24,15,0.012,0.028,0.6,0.004
25,2015-11-25,12,8,0.015,0.025,0.4,0.004
26,2015-11-26,33,21,0.024,0.017,0.6,0.005
27,2015-11-27,35,23,0.022,0.022,0.7,0.005
28,2015-11-28,50,27,0.007,0.046,1,0.007
29,2015-11-29,38,26,0.004,0.037,0.8,0.005
30,2015-11-30,39,26,0.012,0.035,0.8,0.006
1,2015-12-01,51,29,0.004,0.054,1.1,0.006
2,2015-12-02,50,28,0.007,0.045,1.1,0.006
3,2015-12-03,18,10,0.016,0.021,0.6,0.005
4,2015-12-04,38,14,0.013,0.029,0.6,0.005
5,2015-12-05,32,14,0.015,0.033,0.6,0.006
6,2015-12-06,31,15,0.013,0.035,0.6,0.006
7,2015-12-07,46,23,0.004,0.054,0.9,0.006
8,2015-12-08,58,29,0.003,0.073,1.1,0.007
9,2015-12-09,65,33,0.003,0.074,1.2,0.007
10,2015-12-10,39,22,0.002,0.058,1,0.006
11,2015-12-11,32,20,0.01,0.045,0.7,0.006
12,2015-12-12,29,14,0.012,0.049,0.6,0.005
13,2015-12-13,36,20,0.008,0.054,0.8,0.006
14,2015-12-14,41,23,0.004,0.056,0.9,0.005
15,2015-12-15,53,29,0.012,0.039,0.7,0.006
16,2015-12-16,25,9,0.022,0.018,0.4,0.006
17,2015-12-17,19,7,0.017,0.02,0.6,0.005
18,2015-12-18,42,20,0.006,0.053,1.1,0.007
19,2015-12-19,59,30,0.004,0.06,1.1,0.007
20,2015-12-20,53,29,0.003,0.068,1.1,0.007
21,2015-12-21,47,26,0.004,0.056,0.8,0.006
22,2015-12-22,60,33,0.004,0.06,1,0.007
23,2015-12-23,47,28,0.005,0.065,0.9,0.007
24,2015-12-24,98,53,0.013,0.052,0.9,0.009
25,2015-12-25,26,12,0.018,0.033,0.6,0.007
26,2015-12-26,69,31,0.012,0.044,0.8,0.007
27,2015-12-27,28,12,0.019,0.023,0.7,0.006
28,2015-12-28,23,11,0.019,0.027,0.8,0.005
29,2015-12-29,55,25,0.005,0.063,1.3,0.008
30,2015-12-30,56,29,0.003,0.069,0.8,0.007
31,2015-12-31,56,36,0.008,0.053,0.7,0.007
1,2016-01-01,61,35,0.005,0.065,0.8,0.007
2,2016-01-02,47,25,0.007,0.064,0.6,0.007
3,2016-01-03,86,50,0.016,0.064,0.5,0.009
4,2016-01-04,70,38,0.026,0.033,0.4,0.007
5,2016-01-05,30,13,0.02,0.028,0.2,0.007
6,2016-01-06,63,24,0.008,0.046,0.5,0.008
7,2016-01-07,39,19,0.016,0.027,0.4,0.007
8,2016-01-08,32,14,0.017,0.027,0.3,0.007
9,2016-01-09,34,17,0.016,0.03,0.4,0.007
10,2016-01-10,30,16,0.023,0.024,0.4,0.007
11,2016-01-11,40,20,0.019,0.027,0.4,0.007
12,2016-01-12,47,20,0.011,0.038,0.5,0.007
13,2016-01-13,35,16,0.015,0.032,0.4,0.007
14,2016-01-14,42,18,0.013,0.038,0.5,0.008
15,2016-01-15,47,24,0.008,0.051,0.8,0.008
16,2016-01-16,67,35,0.004,0.055,0.9,0.007
17,2016-01-17,71,42,0.005,0.054,1,0.007
18,2016-01-18,57,27,0.021,0.024,0.6,0.006
19,2016-01-19,41,12,0.024,0.016,0.3,0.006
20,2016-01-20,35,18,0.018,0.026,0.4,0.006
21,2016-01-21,45,23,0.013,0.037,0.6,0.007
22,2016-01-22,49,25,0.016,0.031,0.6,0.007
23,2016-01-23,32,11,0.026,0.014,0.4,0.007
24,2016-01-24,39,18,0.024,0.015,0.4,0.007
25,2016-01-25,50,16,0.016,0.03,0.6,0.007
26,2016-01-26,78,34,0.004,0.061,1.2,0.009
27,2016-01-27,59,27,0.012,0.046,0.9,0.009
28,2016-01-28,52,24,0.005,0.056,1.1,0.007
29,2016-01-29,44,22,0.01,0.044,0.9,0.008
30,2016-01-30,41,22,0.01,0.047,1.1,0.007
31,2016-01-31,38,19,0.026,0.019,0.6,0.007
1,2016-02-01,37,17,0.023,0.023,0.7,0.007
2,2016-02-02,42,14,0.016,0.038,0.8,0.008
3,2016-02-03,54,24,0.009,0.063,1.1,0.009
4,2016-02-04,50,25,0.016,0.045,0.9,0.008
5,2016-02-05,39,17,0.02,0.036,0.7,0.008
6,2016-02-06,49,22,0.026,0.023,0.7,0.008
7,2016-02-07,46,20,0.014,0.04,0.8,0.007
8,2016-02-08,76,37,0.021,0.042,0.9,0.009
9,2016-02-09,52,24,0.027,0.022,0.7,0.008
10,2016-02-10,40,19,0.007,0.056,1,0.007
11,2016-02-11,46,23,0.004,0.065,1.1,0.008
12,2016-02-12,31,18,0.005,0.056,1.1,0.006
13,2016-02-13,14,9,0.003,0.042,1,0.006
14,2016-02-14,28,14,0.023,0.015,,0.005
15,2016-02-15,34,9,0.027,0.018,,0.005
16,2016-02-16,28,14,0.017,0.032,0.5,0.006
17,2016-02-17,39,13,0.014,0.035,0.5,0.007
18,2016-02-18,47,20,0.016,0.043,0.6,0.008
19,2016-02-19,77,35,0.008,0.047,0.9,0.008
20,2016-02-20,42,13,0.021,0.03,0.4,0.007
21,2016-02-21,26,10,0.029,0.019,0.4,0.006
22,2016-02-22,45,15,0.012,0.043,0.6,0.007
23,2016-02-23,53,30,0.022,0.027,0.5,0.007
24,2016-02-24,31,19,0.024,0.025,0.7,0.006
25,2016-02-25,47,27,0.018,0.039,0.8,0.008
26,2016-02-26,49,24,0.021,0.038,0.7,0.008
27,2016-02-27,63,34,0.019,0.04,0.6,0.008
28,2016-02-28,39,21,0.015,0.044,0.6,0.007
29,2016-02-29,55,24,0.029,0.021,0.7,0.007
1,2016-03-01,32,16,0.026,0.026,0.7,0.006
2,2016-03-02,29,15,0.009,0.045,0.8,0.007
3,2016-03-03,86,36,0.009,0.071,0.5,0.007
4,2016-03-04,67,30,0.012,0.058,0.5,0.007
5,2016-03-05,24,13,0.014,0.031,0.4,0.007
6,2016-03-06,67,15,0.028,0.019,0.4,0.008
7,2016-03-07,97,21,0.012,0.048,0.4,0.007
8,2016-03-08,78,19,0.028,0.021,0.2,0.006
9,2016-03-09,45,12,0.029,0.015,0.4,0.006
10,2016-03-10,33,12,0.026,0.016,0.6,0.007
11,2016-03-11,32,14,0.031,0.027,0.4,0.004
12,2016-03-12,40,16,0.024,0.039,0.6,0.005
13,2016-03-13,53,28,0.034,0.035,0.6,0.006
14,2016-03-14,53,33,0.04,0.027,0.6,0.004
15,2016-03-15,48,21,0.027,0.046,0.6,0.006
16,2016-03-16,53,24,0.024,0.058,0.7,0.01
17,2016-03-17,64,31,0.009,0.089,1.1,0.007
18,2016-03-18,53,29,0.024,0.065,0.9,0.006
19,2016-03-19,64,34,0.032,0.039,0.7,0.005
20,2016-03-20,74,37,0.025,0.051,0.8,0.008
21,2016-03-21,75,40,0.022,0.063,0.9,0.007
22,2016-03-22,62,37,0.027,0.053,0.7,0.006
23,2016-03-23,67,35,0.034,0.034,0.7,0.005
24,2016-03-24,35,18,0.033,0.03,0.5,0.004
25,2016-03-25,63,30,0.026,0.047,0.7,0.005
26,2016-03-26,58,34,0.03,0.045,0.7,0.005
27,2016-03-27,56,33,0.041,0.039,0.7,0.007
28,2016-03-28,57,32,0.034,0.057,0.8,0.008
29,2016-03-29,81,43,0.046,0.048,0.9,0.008
30,2016-03-30,77,37,0.032,0.046,0.8,0.006
31,2016-03-31,44,17,0.018,0.067,0.9,0.007
1,2016-04-01,60,24,0.025,0.07,0.9,0.007
2,2016-04-02,67,32,0.038,0.06,1,0.007
3,2016-04-03,40,24,0.028,0.037,0.7,0.004
4,2016-04-04,26,11,0.021,0.042,0.7,0.004
5,2016-04-05,52,18,0.03,0.045,0.7,0.007
6,2016-04-06,66,30,0.02,0.066,0.7,0.007
7,2016-04-07,34,21,0.033,0.034,0.5,0.004
8,2016-04-08,70,36,0.028,0.039,0.5,0.004
9,2016-04-09,109,53,0.018,0.047,0.8,0.005
10,2016-04-10,125,67,0.036,0.038,0.9,0.005
11,2016-04-11,49,21,0.028,0.039,0.4,0.003
12,2016-04-12,59,27,0.028,0.042,0.5,0.004
13,2016-04-13,57,30,0.019,0.054,0.7,0.004
14,2016-04-14,59,31,0.014,0.049,0.6,0.004
15,2016-04-15,55,26,0.031,0.044,0.6,0.004
16,2016-04-16,54,25,0.017,0.06,0.6,0.004
17,2016-04-17,48,16,0.038,0.02,0.5,0.003
18,2016-04-18,67,23,0.029,0.035,0.5,0.004
19,2016-04-19,46,20,0.031,0.032,0.5,0.003
20,2016-04-20,65,30,0.017,0.056,0.7,0.004
21,2016-04-21,26,16,0.026,0.036,0.5,0.003
22,2016-04-22,81,47,0.024,0.04,0.7,0.003
23,2016-04-23,210,43,0.024,0.036,0.6,0.003
24,2016-04-24,153,28,0.029,0.035,0.5,0.003
25,2016-04-25,78,24,0.021,0.055,0.7,0.004
26,2016-04-26,81,31,0.033,0.045,0.7,0.004
27,2016-04-27,54,19,0.037,0.032,0.5,0.003
28,2016-04-28,60,20,0.033,0.036,0.5,0.003
29,2016-04-29,64,27,0.035,0.039,0.6,0.004
30,2016-04-30,76,34,0.054,0.034,0.7,0.007
1,2016-05-01,45,20,0.045,0.032,0.6,0.005
2,2016-05-02,48,25,0.023,0.041,0.7,0.003
3,2016-05-03,20,10,0.026,0.023,0.5,0.002
4,2016-05-04,51,13,0.037,0.023,0.4,0.003
5,2016-05-05,59,23,0.025,0.048,0.7,0.004
6,2016-05-06,47,23,0.02,0.039,0.6,0.002
7,2016-05-07,112,23,0.028,0.03,0.6,0.004
8,2016-05-08,56,17,0.037,0.032,0.6,0.003
9,2016-05-09,61,22,0.043,0.033,0.6,0.004
10,2016-05-10,33,16,0.033,0.029,0.6,0.002
11,2016-05-11,28,12,0.032,0.031,0.5,0.003
12,2016-05-12,30,16,0.03,0.039,0.6,0.003
13,2016-05-13,40,22,0.041,0.03,0.6,0.003
14,2016-05-14,36,19,0.033,0.041,0.7,0.003
15,2016-05-15,32,18,0.039,0.026,0.6,0.004
16,2016-05-16,37,18,0.04,0.024,0.6,0.004
17,2016-05-17,66,33,0.041,0.046,0.8,0.007
18,2016-05-18,47,25,0.036,0.045,0.7,0.005
19,2016-05-19,39,20,0.031,0.048,0.7,0.003
20,2016-05-20,53,28,0.035,0.059,0.7,0.004
21,2016-05-21,40,26,0.032,0.053,0.6,0.003
22,2016-05-22,57,37,0.05,0.042,0.7,0.004
23,2016-05-23,68,43,0.043,0.049,0.7,0.005
24,2016-05-24,31,23,0.04,0.029,0.6,0.003
25,2016-05-25,91,58,0.052,0.033,0.8,0.004
26,2016-05-26,101,63,0.036,0.045,0.9,0.006
27,2016-05-27,83,43,0.038,0.039,0.8,0.004
28,2016-05-28,79,38,0.042,0.037,0.7,0.005
29,2016-05-29,89,45,0.045,0.038,0.8,0.006
30,2016-05-30,94,55,0.054,0.036,0.8,0.004
31,2016-05-31,75,42,0.046,0.03,0.7,0.005
1,2016-06-01,43,22,0.036,0.033,0.6,0.002
2,2016-06-02,37,17,0.038,0.037,0.5,0.003
3,2016-06-03,48,24,0.042,0.039,0.6,0.004
4,2016-06-04,52,26,0.038,0.037,0.6,0.003
5,2016-06-05,55,27,0.046,0.034,0.6,0.003
6,2016-06-06,23,13,0.039,0.029,0.5,0.002
7,2016-06-07,40,24,0.033,0.03,0.5,0.003
8,2016-06-08,38,23,0.024,0.031,0.3,0.003
9,2016-06-09,52,28,0.028,0.04,0.4,0.003
10,2016-06-10,61,35,0.032,0.048,0.5,0.004
11,2016-06-11,46,28,0.024,0.032,0.4,0.003
12,2016-06-12,29,19,0.024,0.021,0.3,0.002
13,2016-06-13,61,33,0.032,0.03,0.5,0.002
14,2016-06-14,52,28,0.031,0.045,0.5,0.003
29,2016-06-15,36,21,0.023,0.037,0.4,
28,2016-06-16,29,17,0.042,0.024,0.3,
15,2016-06-17,54,35,0.048,0.037,0.5,0.003
16,2016-06-18,64,41,0.046,0.039,0.5,0.003
30,2016-06-19,39,26,0.034,0.03,0.4,
27,2016-06-20,51,33,0.046,0.035,0.4,
17,2016-06-21,62,41,0.043,0.05,0.5,0.005
18,2016-06-22,63,46,0.03,0.052,0.5,0.004
19,2016-06-23,45,34,0.037,0.038,0.4,0.004
20,2016-06-24,38,22,0.031,0.033,0.3,0.003
21,2016-06-25,33,17,0.036,0.029,0.2,0.004
22,2016-06-26,30,18,0.041,0.023,0.2,0.004
23,2016-06-27,36,23,0.029,0.046,0.3,0.006
24,2016-06-28,60,41,0.038,0.041,0.4,0.004
25,2016-06-29,42,26,0.029,0.048,0.3,0.005
26,2016-06-30,30,20,0.023,0.032,0.3,0.003
1,2016-07-01,20,14,0.012,0.037,0.2,0.003
2,2016-07-02,13,9,0.025,0.025,0.1,0.003
3,2016-07-03,41,29,0.034,0.035,0.2,0.003
4,2016-07-04,23,15,0.013,0.041,0.4,0.002
5,2016-07-05,14,5,0.008,0.027,0.4,0.002
6,2016-07-06,17,9,0.019,0.032,0.4,0.003
7,2016-07-07,43,26,0.02,0.051,0.5,0.006
8,2016-07-08,55,36,0.034,0.039,0.6,0.003
9,2016-07-09,38,22,0.027,0.028,0.4,0.002
10,2016-07-10,37,22,0.03,0.033,0.4,0.004
11,2016-07-11,56,37,0.039,0.043,0.6,0.004
12,2016-07-12,32,22,0.026,0.034,0.4,0.005
13,2016-07-13,31,16,0.014,0.028,0.2,0.003
14,2016-07-14,31,19,0.026,0.034,0.3,0.002
15,2016-07-15,22,11,0.017,0.037,0.3,0.002
16,2016-07-16,12,6,0.01,0.032,0.3,0.002
17,2016-07-17,15,10,0.018,0.021,0.3,0.003
18,2016-07-18,27,16,0.018,0.027,0.3,0.004
19,2016-07-19,39,24,0.031,0.041,0.4,0.002
20,2016-07-20,42,26,0.028,0.043,0.5,0.002
21,2016-07-21,37,23,0.026,0.04,0.4,0.003
22,2016-07-22,40,25,0.028,0.033,0.4,0.003
23,2016-07-23,43,28,0.023,0.027,0.3,0.003
24,2016-07-24,35,23,0.014,0.019,0.2,0.003
25,2016-07-25,41,29,0.017,0.026,0.2,0.004
26,2016-07-26,33,22,0.011,0.023,0.2,0.003
27,2016-07-27,34,23,0.01,0.02,0.3,0.003
28,2016-07-28,59,40,0.037,,0.4,0.002
29,2016-07-29,42,20,0.015,,0.6,0.002
30,2016-07-30,39,18,0.028,,0.2,0.002
31,2016-07-31,34,25,0.016,,0.2,0.002
1,2016-08-01,30,19,0.01,0.022,0.3,0.002
2,2016-08-02,27,16,0.008,0.028,0.5,0.004
3,2016-08-03,33,19,0.021,,0.5,0.004
4,2016-08-04,31,18,0.02,0.029,0.6,0.004
5,2016-08-05,42,27,0.026,0.015,0.7,0.004
6,2016-08-06,63,37,0.025,,0.8,0.004
7,2016-08-07,36,20,0.023,,0.5,0.004
8,2016-08-08,43,19,0.023,,0.4,0.004
9,2016-08-09,38,24,0.031,0.049,0.5,0.004
10,2016-08-10,68,32,0.035,0.033,0.5,0.004
11,2016-08-11,34,17,0.026,,0.4,0.004
12,2016-08-12,45,21,0.024,,0.4,0.004
13,2016-08-13,37,12,0.018,,0.3,0.004
14,2016-08-14,36,26,0.019,,0.3,0.003
15,2016-08-15,38,23,0.029,,0.4,0.004
16,2016-08-16,49,30,0.032,,0.6,0.004
17,2016-08-17,44,20,0.036,,0.4,0.004
18,2016-08-18,58,34,0.037,0.03,0.6,0.005
19,2016-08-19,72,52,0.029,0.042,0.6,0.005
20,2016-08-20,40,25,0.031,0.026,0.2,0.004
21,2016-08-21,33,22,0.043,0.017,0.2,0.004
22,2016-08-22,35,23,0.036,0.02,0.1,0.004
23,2016-08-23,39,25,0.022,0.028,0.4,0.004
24,2016-08-24,40,23,0.027,0.024,0.5,0.005
25,2016-08-25,33,19,0.023,0.023,0.5,0.004
26,2016-08-26,18,9,0.024,0.02,0.4,0.004
27,2016-08-27,15,6,0.023,0.018,0.3,0.004
28,2016-08-28,12,5,0.021,0.011,0.3,0.004
29,2016-08-29,17,8,0.019,0.016,0.3,0.004
30,2016-08-30,34,10,0.022,0.012,0.3,0.004
31,2016-08-31,20,8,0.015,0.017,0.4,0.005
1,2016-09-01,73,38,0.033,0.032,0.7,0.006
2,2016-09-02,39,27,0.028,0.03,0.5,0.004
3,2016-09-03,24,15,0.028,0.024,0.5,0.004
4,2016-09-04,23,14,0.02,0.021,0.5,0.004
5,2016-09-05,33,19,0.024,0.021,0.4,0.004
6,2016-09-06,67,41,0.025,0.028,0.6,0.006
7,2016-09-07,85,56,0.029,0.026,0.6,0.005
8,2016-09-08,53,35,0.019,0.034,0.7,0.006
9,2016-09-09,46,29,0.027,0.028,0.6,0.004
10,2016-09-10,46,30,0.027,0.033,0.5,0.004
11,2016-09-11,46,30,0.037,0.024,0.5,0.005
12,2016-09-12,31,19,0.018,0.026,0.4,0.004
13,2016-09-13,19,10,0.023,0.023,0.4,0.004
14,2016-09-14,35,21,0.033,0.021,0.4,0.005
15,2016-09-15,45,30,0.027,0.022,0.5,0.005
16,2016-09-16,54,38,0.036,0.023,0.5,0.008
17,2016-09-17,33,23,0.032,0.019,0.4,0.005
18,2016-09-18,26,15,0.032,0.015,0.3,0.004
19,2016-09-19,15,6,0.022,0.018,0.3,0.004
20,2016-09-20,22,12,0.024,0.021,0.3,0.005
21,2016-09-21,37,27,0.02,0.028,0.4,0.005
22,2016-09-22,42,30,0.026,0.029,0.5,0.005
23,2016-09-23,57,38,0.035,0.034,0.5,0.006
24,2016-09-24,69,48,0.041,0.038,0.6,0.006
25,2016-09-25,56,37,0.03,0.034,0.6,0.006
26,2016-09-26,50,33,0.013,0.043,0.6,0.005
27,2016-09-27,37,28,0.007,0.033,0.6,0.005
28,2016-09-28,35,22,0.012,0.023,0.5,0.005
29,2016-09-29,18,7,0.01,0.021,0.5,0.005
30,2016-09-30,34,17,0.011,0.028,0.5,0.005
1,2016-10-01,53,31,0.008,0.039,0.7,0.005
2,2016-10-02,32,19,0.006,0.027,0.6,0.005
3,2016-10-03,18,9,0.02,0.015,0.4,0.005
4,2016-10-04,36,18,0.015,0.026,0.5,0.005
24,2016-10-05,,,,,,
28,2016-10-06,,,,,,
25,2016-10-07,,,,,,
16,2016-10-08,,,,,,
31,2016-10-09,,,,,,
21,2016-10-10,,,,,,
29,2016-10-11,,,,,,
19,2016-10-12,,,,,,
20,2016-10-13,,,,,,
17,2016-10-14,,,,,,
26,2016-10-15,,,,,,
30,2016-10-16,,,,,,
27,2016-10-17,,,,,,
23,2016-10-18,,,,,,
22,2016-10-19,,,,,,
18,2016-10-20,,,,,,
5,2016-10-21,33,23,0.013,0.04,0.4,0.002
6,2016-10-22,27,17,0.021,0.028,0.3,0.002
7,2016-10-23,12,7,0.022,0.019,0.2,0.002
8,2016-10-24,18,11,0.014,0.03,0.3,0.002
9,2016-10-25,14,9,0.013,0.031,0.4,0.002
10,2016-10-26,39,24,0.006,0.038,0.7,0.003
11,2016-10-27,44,28,0.006,0.04,0.6,0.003
12,2016-10-28,36,20,0.017,0.03,0.4,0.002
13,2016-10-29,36,21,0.022,0.02,0.3,0.003
14,2016-10-30,25,16,0.013,0.032,0.3,0.003
15,2016-10-31,29,19,0.008,0.036,0.4,0.003
1,2016-11-01,25,16,0.023,0.019,0.2,0.002
2,2016-11-02,35,22,0.008,0.043,0.5,0.004
3,2016-11-03,44,28,0.015,0.047,0.5,0.004
4,2016-11-04,59,38,0.017,0.05,0.6,0.005
5,2016-11-05,72,45,0.033,0.039,0.6,0.005
6,2016-11-06,33,22,0.016,0.032,0.4,0.002
7,2016-11-07,32,24,0.014,0.033,0.4,0.003
8,2016-11-08,63,53,0.026,0.018,0.4,0.003
9,2016-11-09,40,30,0.014,0.031,0.4,0.003
10,2016-11-10,41,30,0.003,0.049,0.6,0.003
11,2016-11-11,47,24,0.013,0.04,0.5,0.003
12,2016-11-12,71,34,0.014,0.047,0.6,0.004
13,2016-11-13,60,33,0.009,0.05,0.6,0.004
14,2016-11-14,50,33,0.007,0.048,0.6,0.003
15,2016-11-15,56,26,0.019,0.025,0.3,0.003
16,2016-11-16,49,28,0.005,0.048,0.6,0.003
17,2016-11-17,67,40,0.004,0.058,0.8,0.004
18,2016-11-18,95,66,0.004,0.066,1,0.006
19,2016-11-19,52,38,0.008,0.049,0.6,0.004
20,2016-11-20,40,26,0.018,0.027,0.6,0.003
21,2016-11-21,59,32,0.006,0.048,0.7,0.003
22,2016-11-22,43,21,0.023,0.015,0.3,0.003
23,2016-11-23,38,17,0.016,0.021,0.3,0.003
24,2016-11-24,27,14,0.02,0.021,0.3,0.004
25,2016-11-25,36,22,0.009,0.044,0.6,0.004
26,2016-11-26,54,41,0.002,0.052,0.7,0.004
27,2016-11-27,72,56,0.004,0.045,0.7,0.004
28,2016-11-28,76,42,0.015,0.029,0.5,0.004
29,2016-11-29,40,25,0.005,0.048,0.6,0.004
30,2016-11-30,42,28,0.002,0.051,0.6,0.006
1,2016-12-01,48,28,0.021,0.023,0.4,0.004
2,2016-12-02,33,16,0.013,0.034,0.4,0.004
3,2016-12-03,50,32,0.004,0.057,0.7,0.004
4,2016-12-04,77,58,0.003,0.066,1,0.006
5,2016-12-05,82,62,0.013,0.041,0.8,0.005
6,2016-12-06,25,13,0.015,0.026,0.3,0.003
7,2016-12-07,51,32,0.003,0.052,0.7,0.005
8,2016-12-08,55,38,0.004,0.055,0.8,0.005
9,2016-12-09,31,24,0.016,0.027,0.4,0.003
10,2016-12-10,32,22,0.014,0.03,0.4,0.003
11,2016-12-11,33,23,0.009,0.042,0.6,0.003
12,2016-12-12,42,31,0.003,0.051,0.8,0.004
13,2016-12-13,56,41,0.008,0.048,0.9,0.005
14,2016-12-14,50,32,0.008,0.03,0.5,0.005
15,2016-12-15,34,18,0.019,0.019,0.3,0.004
16,2016-12-16,33,19,0.013,0.031,0.4,0.004
17,2016-12-17,65,44,0.004,0.064,1.1,0.006
18,2016-12-18,55,41,0.002,0.058,1,0.005
19,2016-12-19,36,26,0.004,0.046,0.6,0.003
20,2016-12-20,50,35,0.003,0.056,1,0.004
21,2016-12-21,40,28,0.004,0.045,0.7,0.004
22,2016-12-22,26,20,0.01,0.03,0.5,0.003
23,2016-12-23,50,36,0.018,0.018,0.4,0.003
24,2016-12-24,66,52,0.011,0.029,0.6,0.003
25,2016-12-25,53,43,0.005,0.04,0.8,0.003
26,2016-12-26,45,33,0.003,0.049,0.9,0.004
27,2016-12-27,39,27,0.021,0.018,0.4,0.004
28,2016-12-28,46,28,0.007,0.042,0.5,0.004
29,2016-12-29,34,16,0.016,0.025,0.4,0.003
30,2016-12-30,42,25,0.005,0.05,0.7,0.004
31,2016-12-31,63,48,0.002,0.064,1.1,0.006
1,2017-01-01,81,64,0.003,0.057,1,0.005
2,2017-01-02,108,82,0.017,0.045,0.9,0.006
3,2017-01-03,73,50,0.013,0.049,0.7,0.005
4,2017-01-04,51,34,0.009,0.057,0.9,0.005
5,2017-01-05,35,23,0.008,0.045,0.6,0.004
6,2017-01-06,18,14,0.012,0.04,0.5,0.003
7,2017-01-07,52,41,0.004,0.056,0.8,0.004
8,2017-01-08,30,23,0.014,0.036,0.5,0.003
9,2017-01-09,55,46,0.028,0.021,0.6,0.005
10,2017-01-10,30,16,0.023,0.02,0.3,0.003
11,2017-01-11,24,14,0.015,0.032,0.3,0.004
12,2017-01-12,28,17,0.018,0.028,0.4,0.004
13,2017-01-13,28,13,0.024,0.018,0.3,0.003
14,2017-01-14,44,12,0.025,0.011,0.3,0.003
15,2017-01-15,26,14,0.018,0.022,0.3,0.003
16,2017-01-16,44,26,0.005,0.048,0.6,0.004
17,2017-01-17,72,51,0.002,0.069,1.1,0.006
18,2017-01-18,94,77,0.005,0.056,0.9,0.007
19,2017-01-19,96,73,0.006,0.058,0.9,0.006
20,2017-01-20,54,41,0.019,0.032,0.5,0.005
21,2017-01-21,49,38,0.007,0.049,0.6,0.004
22,2017-01-22,72,28,0.028,0.014,0.4,0.005
23,2017-01-23,46,38,0.021,0.025,0.4,0.004
24,2017-01-24,35,27,0.016,0.036,0.4,0.004
25,2017-01-25,47,37,0.008,0.055,0.7,0.004
26,2017-01-26,66,52,0.006,0.067,1,0.006
27,2017-01-27,102,18,0.027,0.017,0.3,0.003
28,2017-01-28,31,13,0.011,0.038,0.5,0.003
29,2017-01-29,26,16,0.006,0.042,0.6,0.003
30,2017-01-30,46,33,0.029,0.015,0.4,0.004
31,2017-01-31,26,17,0.012,0.037,0.5,0.003
1,2017-02-01,34,21,0.019,0.032,0.5,0.004
2,2017-02-02,30,17,0.017,0.035,0.5,0.004
3,2017-02-03,64,44,0.019,0.051,0.7,0.006
4,2017-02-04,90,69,0.004,0.07,1.1,0.005
5,2017-02-05,69,56,0.014,0.044,0.8,0.005
6,2017-02-06,38,27,0.03,0.021,0.4,0.004
7,2017-02-07,36,23,0.008,0.044,0.5,0.004
8,2017-02-08,51,31,0.009,0.044,0.7,0.005
9,2017-02-09,48,19,0.027,0.016,0.3,0.003
10,2017-02-10,32,18,0.027,0.015,0.3,0.003
11,2017-02-11,28,16,0.025,0.018,0.3,0.003
12,2017-02-12,29,19,0.021,0.03,0.4,0.004
13,2017-02-13,42,29,0.006,0.057,0.7,0.006
14,2017-02-14,47,32,0.022,0.036,0.4,0.005
15,2017-02-15,59,43,0.007,0.069,0.9,0.007
16,2017-02-16,73,54,0.008,0.072,1.2,0.007
17,2017-02-17,42,16,0.03,0.019,0.3,0.003
18,2017-02-18,29,16,0.029,0.021,0.3,0.004
19,2017-02-19,43,28,0.013,0.046,0.6,0.004
20,2017-02-20,40,20,0.033,0.016,0.3,0.003
21,2017-02-21,47,30,0.01,0.052,0.6,0.004
22,2017-02-22,36,28,0.008,0.049,0.6,0.004
23,2017-02-23,33,21,0.034,0.017,0.4,0.004
24,2017-02-24,28,17,0.023,0.033,0.4,0.004
25,2017-02-25,46,31,0.018,0.044,0.6,0.005
26,2017-02-26,46,33,0.023,0.034,0.5,0.005
27,2017-02-27,33,21,0.014,0.047,0.5,0.004
28,2017-02-28,40,26,0.014,0.057,0.7,0.006
1,2017-03-01,57,43,0.019,0.054,0.6,0.005
2,2017-03-02,32,22,0.031,0.023,0.4,0.003
3,2017-03-03,39,21,0.018,0.045,0.5,0.004
4,2017-03-04,52,34,0.014,0.056,0.7,0.005
5,2017-03-05,60,44,0.029,0.039,0.5,0.004
6,2017-03-06,34,24,0.033,0.018,0.3,0.003
7,2017-03-07,31,19,0.035,0.016,0.3,0.003
8,2017-03-08,40,18,0.028,0.026,0.4,0.003
9,2017-03-09,43,19,0.027,0.033,0.5,0.004
10,2017-03-10,42,24,0.023,0.042,0.5,0.004
11,2017-03-11,59,37,0.018,0.062,0.7,0.006
12,2017-03-12,84,61,0.026,0.06,0.8,0.006
13,2017-03-13,58,39,0.036,0.027,0.5,0.004
14,2017-03-14,46,26,0.035,0.024,0.4,0.004
15,2017-03-15,37,21,0.023,0.039,0.5,0.003
16,2017-03-16,60,39,0.022,0.056,0.6,0.005
17,2017-03-17,71,51,0.024,0.059,0.7,0.005
18,2017-03-18,75,53,0.027,0.065,0.7,0.008
19,2017-03-19,70,51,0.03,0.05,0.7,0.005
20,2017-03-20,90,62,0.008,0.074,0.9,0.006
21,2017-03-21,91,62,0.032,0.032,0.6,0.006
22,2017-03-22,45,27,0.033,0.035,0.4,0.004
23,2017-03-23,65,39,0.028,0.047,0.6,0.004
24,2017-03-24,53,32,0.018,0.051,0.5,0.004
25,2017-03-25,64,44,0.021,0.051,0.6,0.005
26,2017-03-26,59,41,0.029,0.039,0.5,0.005
27,2017-03-27,69,51,0.033,0.038,0.8,0.004
28,2017-03-28,82,58,0.019,0.053,0.8,0.005
29,2017-03-29,57,40,0.035,0.038,0.5,0.004
30,2017-03-30,62,40,0.026,0.049,0.6,0.004
31,2017-03-31,49,33,0.018,0.047,0.6,0.003
1,2017-04-01,20,14,0.033,0.028,0.4,0.002
2,2017-04-02,45,32,0.033,0.036,0.5,0.004
3,2017-04-03,75,53,0.034,0.052,0.6,0.006
4,2017-04-04,72,48,0.037,0.056,0.7,0.005
5,2017-04-05,54,36,0.012,0.066,0.7,0.006
6,2017-04-06,23,17,0.023,0.031,0.4,0.003
7,2017-04-07,43,30,0.022,0.04,0.5,0.003
8,2017-04-08,64,44,0.021,0.041,0.6,0.003
9,2017-04-09,41,28,0.026,0.029,0.5,0.002
10,2017-04-10,27,17,0.026,0.04,0.4,0.003
11,2017-04-11,52,23,0.034,0.034,0.4,0.003
12,2017-04-12,55,11,0.04,0.017,0.3,0.003
13,2017-04-13,63,26,0.034,0.037,0.5,0.005
14,2017-04-14,50,21,0.04,0.037,0.4,0.005
15,2017-04-15,59,29,0.043,0.037,0.5,0.005
16,2017-04-16,55,31,0.029,0.051,0.6,0.005
17,2017-04-17,40,23,0.022,0.051,0.6,0.003
18,2017-04-18,35,20,0.022,0.04,0.5,0.003
19,2017-04-19,69,14,0.032,0.024,0.3,0.003
20,2017-04-20,71,19,0.029,0.04,0.4,0.004
21,2017-04-21,59,20,0.028,0.045,0.5,0.004
22,2017-04-22,57,25,0.032,0.038,0.5,0.003
23,2017-04-23,45,22,0.041,0.036,0.4,0.004
24,2017-04-24,38,17,0.036,0.042,0.5,0.004
25,2017-04-25,51,27,0.044,0.036,0.4,0.004
26,2017-04-26,41,17,0.041,0.02,0.3,0.003
27,2017-04-27,39,13,0.039,0.024,0.4,0.004
28,2017-04-28,57,24,0.033,0.038,0.6,0.007
29,2017-04-29,57,27,0.038,0.037,0.5,0.006
30,2017-04-30,81,47,0.071,0.028,0.6,0.007
1,2017-05-01,84,47,0.061,0.033,0.6,0.005
2,2017-05-02,87,46,0.044,0.05,0.6,0.005
3,2017-05-03,60,29,0.063,0.041,0.5,0.004
4,2017-05-04,55,30,0.035,0.044,0.5,0.005
5,2017-05-05,45,20,0.039,0.019,0.3,0.003
6,2017-05-06,164,17,0.041,0.02,0.3,0.003
7,2017-05-07,75,14,0.044,0.023,0.3,0.005
8,2017-05-08,147,34,0.044,0.043,0.5,0.008
9,2017-05-09,112,30,0.022,0.044,0.5,0.005
10,2017-05-10,37,17,0.035,0.023,0.4,0.002
11,2017-05-11,65,32,0.033,0.042,0.5,0.005
12,2017-05-12,70,42,0.035,0.044,0.6,0.006
13,2017-05-13,45,24,0.039,0.031,0.4,0.004
14,2017-05-14,48,12,0.044,0.018,0.3,0.004
15,2017-05-15,36,10,0.032,0.026,0.3,0.004
16,2017-05-16,30,15,0.033,0.031,0.3,0.005
17,2017-05-17,31,16,0.033,0.037,0.4,0.005
18,2017-05-18,40,24,0.045,0.044,0.5,0.006
19,2017-05-19,39,22,0.047,0.037,0.4,0.006
20,2017-05-20,32,19,0.044,0.033,0.4,0.007
21,2017-05-21,26,16,0.042,0.025,0.3,0.004
22,2017-05-22,37,23,0.034,0.031,0.4,0.004
23,2017-05-23,29,19,0.017,0.033,0.4,0.004
24,2017-05-24,22,13,0.028,0.028,0.3,0.002
25,2017-05-25,32,13,0.037,0.031,0.4,0.003
26,2017-05-26,19,7,0.038,0.02,0.3,0.003
27,2017-05-27,27,12,0.045,0.029,0.4,0.004
28,2017-05-28,37,20,0.053,0.03,0.4,0.005
29,2017-05-29,59,33,0.064,0.033,0.5,0.007
30,2017-05-30,44,21,0.042,0.04,0.4,0.006
31,2017-05-31,31,18,0.027,0.043,0.4,0.004
1,2017-06-01,29,16,0.042,0.016,0.3,0.002
2,2017-06-02,23,8,0.043,0.017,0.2,0.002
3,2017-06-03,25,10,0.039,0.02,0.3,0.003
4,2017-06-04,24,10,0.045,0.021,0.3,0.002
5,2017-06-05,22,11,0.046,0.036,0.4,0.003
6,2017-06-06,18,10,0.036,0.029,0.3,0.002
7,2017-06-07,14,9,0.024,0.028,0.4,0.002
8,2017-06-08,38,25,0.057,0.026,0.6,0.003
9,2017-06-09,56,36,0.055,0.032,0.6,0.004
10,2017-06-10,41,19,0.05,0.022,0.4,0.002
11,2017-06-11,24,8,0.035,0.027,0.3,0.002
12,2017-06-12,25,11,0.046,0.025,0.3,0.002
13,2017-06-13,28,14,0.035,0.022,0.3,0.003
14,2017-06-14,37,19,0.039,0.027,0.3,0.003
15,2017-06-15,44,25,0.043,0.031,0.4,0.004
16,2017-06-16,55,39,0.057,0.042,0.5,0.011
17,2017-06-17,41,29,0.063,0.021,0.5,0.01
18,2017-06-18,35,25,0.048,0.021,0.4,0.007
19,2017-06-19,42,31,0.036,0.03,0.5,0.006
20,2017-06-20,40,29,0.045,0.024,0.5,0.005
21,2017-06-21,46,33,0.038,0.018,0.4,0.006
22,2017-06-22,31,23,0.036,0.016,0.3,0.005
23,2017-06-23,34,22,0.036,0.024,0.4,0.005
24,2017-06-24,32,21,0.021,0.027,0.5,0.006
25,2017-06-25,28,22,0.035,0.019,0.4,0.004
26,2017-06-26,22,16,0.031,0.029,0.4,0.003
27,2017-06-27,22,17,0.039,0.029,0.4,0.003
28,2017-06-28,36,30,0.051,0.032,0.4,0.004
29,2017-06-29,41,33,0.047,0.03,0.4,0.003
30,2017-06-30,45,35,0.049,0.026,0.4,0.002
1,2017-07-01,36,29,0.041,0.029,0.4,0.002
2,2017-07-02,27,21,0.022,0.019,0.3,0.002
3,2017-07-03,22,16,0.029,0.023,0.3,0.002
4,2017-07-04,33,25,0.042,0.024,0.4,0.003
5,2017-07-05,34,27,0.05,0.031,0.4,0.003
6,2017-07-06,44,34,0.054,0.042,0.5,0.003
7,2017-07-07,22,14,0.014,0.037,0.4,0.002
8,2017-07-08,26,17,0.02,0.027,0.3,0.002
9,2017-07-09,26,19,0.023,0.031,0.4,0.002
10,2017-07-10,13,9,0.011,0.034,0.4,0.002
11,2017-07-11,36,27,0.041,0.027,0.4,0.002
12,2017-07-12,43,32,0.05,0.025,0.4,0.002
13,2017-07-13,44,33,0.049,0.036,0.5,0.003
14,2017-07-14,43,32,0.042,0.04,0.5,0.004
15,2017-07-15,19,14,0.024,0.027,0.3,0.002
16,2017-07-16,17,12,0.02,0.025,0.3,0.003
17,2017-07-17,21,14,0.022,0.027,0.3,0.003
18,2017-07-18,25,18,0.031,0.032,0.4,0.003
19,2017-07-19,35,26,0.052,0.03,0.4,0.003
20,2017-07-20,46,35,0.051,0.037,0.5,0.005
21,2017-07-21,55,42,0.071,0.032,0.5,0.005
22,2017-07-22,55,41,0.054,0.028,0.5,0.006
23,2017-07-23,51,39,0.039,0.027,0.5,0.003
24,2017-07-24,32,23,0.021,0.041,0.6,0.003
25,2017-07-25,24,15,0.025,0.03,0.5,0.002
26,2017-07-26,17,10,0.034,0.034,0.4,0.002
27,2017-07-27,26,16,0.025,0.047,0.5,0.003
28,2017-07-28,34,22,0.014,0.043,0.7,0.003
29,2017-07-29,14,8,0.021,0.03,0.5,0.002
30,2017-07-30,20,14,0.043,0.019,0.4,0.003
31,2017-07-31,22,15,0.009,0.042,0.6,0.002
1,2017-08-01,20,12,0.026,0.033,0.5,0.003
2,2017-08-02,34,25,0.041,0.04,0.5,0.003
3,2017-08-03,25,16,0.028,0.04,0.5,0.003
4,2017-08-04,25,18,0.045,0.029,0.4,0.003
5,2017-08-05,26,20,0.041,0.028,0.4,0.003
6,2017-08-06,24,19,0.034,0.024,0.4,0.003
7,2017-08-07,30,23,0.054,0.016,0.4,0.003
8,2017-08-08,40,29,0.053,0.027,0.5,0.004
9,2017-08-09,32,24,0.032,0.035,0.5,0.003
10,2017-08-10,8,5,0.02,0.024,0.4,0.002
11,2017-08-11,11,6,0.013,0.029,0.4,0.002
12,2017-08-12,10,5,0.018,0.026,0.3,0.002
13,2017-08-13,9,5,0.014,0.021,0.3,0.002
14,2017-08-14,9,4,0.007,0.021,0.3,0.002
15,2017-08-15,6,4,0.005,0.02,0.3,0.002
16,2017-08-16,8,4,0.009,0.021,0.4,0.002
17,2017-08-17,11,7,0.011,0.031,0.4,0.002
18,2017-08-18,25,19,0.018,0.043,0.5,0.004
19,2017-08-19,23,16,0.021,0.035,0.5,0.003
20,2017-08-20,11,7,0.013,0.027,0.4,0.002
21,2017-08-21,13,9,0.015,0.027,0.4,0.003
22,2017-08-22,15,10,0.019,0.03,0.4,0.005
23,2017-08-23,23,12,0.005,0.027,0.5,0.004
24,2017-08-24,24,10,0.013,0.024,0.4,0.003
25,2017-08-25,24,14,0.023,0.035,0.6,0.004
26,2017-08-26,21,10,0.032,0.024,0.4,0.004
27,2017-08-27,21,12,0.017,0.034,0.4,0.003
28,2017-08-28,25,16,0.015,0.041,0.5,0.003
29,2017-08-29,15,7,0.031,0.012,0.3,0.002
30,2017-08-30,21,10,0.016,0.034,0.4,0.004
31,2017-08-31,34,21,0.029,0.033,0.6,0.003
1,2017-09-01,22,12,0.027,0.025,0.4,0.003
2,2017-09-02,23,14,0.032,0.029,0.4,0.004
3,2017-09-03,28,19,0.043,0.027,0.5,0.004
4,2017-09-04,28,19,0.03,0.041,0.5,0.003
5,2017-09-05,23,13,0.008,0.046,0.5,0.003
6,2017-09-06,24,15,0.016,0.041,0.6,0.003
7,2017-09-07,35,27,0.037,0.029,0.6,0.004
8,2017-09-08,58,41,0.034,0.035,0.7,0.005
9,2017-09-09,60,46,0.037,0.039,0.7,0.004
10,2017-09-10,46,35,0.022,0.045,0.7,0.003
11,2017-09-11,21,17,0.03,0.028,0.5,0.003
12,2017-09-12,21,12,0.025,0.031,0.5,0.004
13,2017-09-13,21,10,0.024,0.035,0.4,0.004
14,2017-09-14,24,12,0.024,0.035,0.5,0.003
15,2017-09-15,15,8,0.021,0.029,0.4,0.002
16,2017-09-16,9,5,0.022,0.022,0.3,0.002
17,2017-09-17,8,4,0.026,0.015,0.3,0.002
18,2017-09-18,18,9,0.026,0.028,0.4,0.003
19,2017-09-19,59,39,0.044,0.033,0.7,0.004
20,2017-09-20,20,8,0.029,0.022,0.3,0.003
21,2017-09-21,28,16,0.023,0.046,0.5,0.003
22,2017-09-22,30,20,0.033,0.046,0.5,0.004
23,2017-09-23,52,27,0.025,0.047,0.6,0.005
24,2017-09-24,62,38,0.038,0.031,0.6,0.004
25,2017-09-25,43,27,0.025,0.049,0.6,0.003
26,2017-09-26,45,27,0.029,0.049,0.6,0.003
27,2017-09-27,41,26,0.024,0.037,0.5,0.003
28,2017-09-28,20,8,0.029,0.019,0.4,0.003
29,2017-09-29,20,9,0.023,0.03,0.4,0.004
30,2017-09-30,33,19,0.024,0.041,0.5,0.005
1,2017-10-01,35,23,0.015,0.04,0.6,0.003
2,2017-10-02,18,10,0.033,0.018,0.3,0.003
3,2017-10-03,33,12,0.026,0.015,0.4,0.003
4,2017-10-04,20,9,0.024,0.017,0.3,0.002
5,2017-10-05,15,8,0.021,0.022,0.3,0.003
6,2017-10-06,12,7,0.022,0.019,0.3,0.002
7,2017-10-07,9,5,0.022,0.026,0.4,0.002
8,2017-10-08,19,13,0.024,0.029,0.5,0.004
9,2017-10-09,24,17,0.029,0.029,0.4,0.005
10,2017-10-10,29,19,0.011,0.038,0.5,0.003
11,2017-10-11,11,6,0.022,0.015,0.3,0.002
12,2017-10-12,20,12,0.012,0.025,0.4,0.002
13,2017-10-13,25,15,0.017,0.03,0.4,0.003
14,2017-10-14,20,11,0.026,0.025,0.4,0.003
15,2017-10-15,21,12,0.022,0.03,0.4,0.003
16,2017-10-16,28,16,0.018,0.033,0.5,0.003
17,2017-10-17,36,22,0.016,0.045,0.6,0.003
18,2017-10-18,25,16,0.015,0.038,0.5,0.003
19,2017-10-19,18,11,0.019,0.033,0.4,0.002
20,2017-10-20,31,18,0.015,0.044,0.5,0.003
21,2017-10-21,36,23,0.017,0.043,0.6,0.003
22,2017-10-22,25,15,0.024,0.026,0.4,0.002
23,2017-10-23,21,10,0.027,0.026,0.4,0.002
24,2017-10-24,30,16,0.016,0.041,0.5,0.003
25,2017-10-25,38,22,0.021,0.042,0.6,0.003
26,2017-10-26,46,29,0.015,0.05,0.7,0.003
27,2017-10-27,59,37,0.02,0.055,0.8,0.003
28,2017-10-28,44,28,0.023,0.046,0.7,0.003
29,2017-10-29,57,22,0.026,0.024,0.5,0.003
30,2017-10-30,32,14,0.023,0.023,0.4,0.003
31,2017-10-31,31,15,0.011,0.044,0.6,0.004
1,2017-11-01,37,20,0.021,0.041,0.5,0.005
2,2017-11-02,47,28,0.022,0.044,0.5,0.005
3,2017-11-03,38,26,0.029,0.027,0.4,0.003
4,2017-11-04,53,41,0.022,0.026,0.5,0.003
5,2017-11-05,42,30,0.013,0.041,0.6,0.004
6,2017-11-06,34,23,0.009,0.053,0.7,0.004
7,2017-11-07,43,28,0.004,0.064,0.7,0.004
8,2017-11-08,57,29,0.032,0.026,0.5,0.004
9,2017-11-09,48,26,0.008,0.052,0.7,0.004
10,2017-11-10,44,23,0.013,0.044,0.7,0.004
11,2017-11-11,59,12,0.019,0.021,0.4,0.003
12,2017-11-12,29,18,0.011,0.036,0.5,0.003
13,2017-11-13,39,25,0.005,0.051,0.7,0.004
14,2017-11-14,42,18,0.019,0.026,0.5,0.004
15,2017-11-15,23,11,0.021,0.021,0.4,0.004
16,2017-11-16,23,13,0.015,0.03,0.5,0.003
17,2017-11-17,39,24,0.003,0.048,0.7,0.004
18,2017-11-18,37,21,0.024,0.012,0.4,0.003
19,2017-11-19,23,12,0.021,0.018,0.4,0.003
20,2017-11-20,35,21,0.01,0.036,0.6,0.004
21,2017-11-21,47,31,0.004,0.049,0.8,0.004
22,2017-11-22,63,34,0.011,0.04,0.7,0.005
23,2017-11-23,21,11,0.015,0.024,0.4,0.004
24,2017-11-24,18,12,0.013,0.025,0.4,0.003
25,2017-11-25,25,15,0.003,0.045,0.7,0.003
26,2017-11-26,39,25,0.011,0.032,0.7,0.003
27,2017-11-27,45,29,0.004,0.049,0.8,0.004
28,2017-11-28,71,48,0.003,0.061,1.1,0.006
29,2017-11-29,55,27,0.014,0.028,0.5,0.004
30,2017-11-30,21,10,0.024,0.018,0.4,0.003
1,2017-12-01,21,13,0.013,0.035,0.5,0.004
2,2017-12-02,35,24,0.004,0.047,0.7,0.005
3,2017-12-03,48,36,0.002,0.048,0.9,0.004
4,2017-12-04,38,27,0.019,0.021,0.5,0.004
5,2017-12-05,19,10,0.019,0.02,0.4,0.004
6,2017-12-06,32,23,0.004,0.042,0.7,0.004
7,2017-12-07,42,33,0.011,0.035,0.7,0.004
8,2017-12-08,28,20,0.016,0.024,0.5,0.004
9,2017-12-09,36,24,0.003,0.051,0.8,0.004
10,2017-12-10,37,26,0.011,0.034,0.7,0.004
11,2017-12-11,36,9,0.018,0.012,0.3,0.003
12,2017-12-12,28,15,0.016,0.018,0.4,0.004
13,2017-12-13,30,18,0.015,0.024,0.5,0.003
14,2017-12-14,48,34,0.004,0.048,0.9,0.004
15,2017-12-15,73,56,0.002,0.067,1.3,0.005
16,2017-12-16,36,25,0.021,0.017,0.5,0.004
17,2017-12-17,31,12,0.022,0.019,0.4,0.003
18,2017-12-18,57,38,0.004,0.053,1.1,0.004
19,2017-12-19,42,25,0.016,0.022,0.5,0.004
20,2017-12-20,42,32,0.003,0.045,0.8,0.004
21,2017-12-21,48,37,0.004,0.052,0.9,0.005
22,2017-12-22,55,41,0.003,0.063,1.1,0.007
23,2017-12-23,99,72,0.009,0.057,1,0.008
24,2017-12-24,69,54,0.017,0.042,0.9,0.005
25,2017-12-25,23,14,0.022,0.02,0.4,0.005
26,2017-12-26,22,12,0.018,0.024,0.4,0.004
27,2017-12-27,23,13,0.015,0.025,0.5,0.004
28,2017-12-28,35,23,0.005,0.043,0.7,0.004
29,2017-12-29,81,58,0.007,0.052,0.9,0.007
30,2017-12-30,112,87,0.003,0.056,1.1,0.005
31,2017-12-31,53,34,0.022,0.022,0.6,0.004
1,2018-01-01,33,18,0.015,0.029,0.6,0.005
2,2018-01-02,32,20,0.012,0.036,0.8,0.005
3,2018-01-03,30,18,0.018,0.021,0.5,0.005
4,2018-01-04,39,24,0.009,0.036,0.7,0.005
5,2018-01-05,48,33,0.006,0.044,0.8,0.005
6,2018-01-06,39,26,0.014,0.034,0.7,0.005
7,2018-01-07,47,35,0.003,0.049,0.9,0.004
8,2018-01-08,52,39,0.007,0.047,0.9,0.005
9,2018-01-09,37,18,0.023,0.018,0.4,0.003
10,2018-01-10,28,12,0.023,0.015,0.4,0.003
11,2018-01-11,29,22,0.02,0.016,0.5,0.004
12,2018-01-12,20,14,0.018,0.027,0.5,0.004
13,2018-01-13,55,41,0.003,0.053,0.9,0.005
14,2018-01-14,67,54,0.008,0.044,0.8,0.005
15,2018-01-15,64,47,0.011,0.052,0.8,0.005
16,2018-01-16,99,76,0.004,0.073,1.4,0.007
17,2018-01-17,96,77,0.007,0.058,1,0.006
18,2018-01-18,77,55,0.016,0.038,0.8,0.005
19,2018-01-19,49,26,0.017,0.036,0.6,0.004
20,2018-01-20,86,57,0.014,0.048,0.9,0.006
21,2018-01-21,53,34,0.012,0.039,0.7,0.004
22,2018-01-22,40,25,0.008,0.045,0.8,0.004
23,2018-01-23,20,11,0.029,0.013,0.4,0.003
24,2018-01-24,25,10,0.029,0.013,0.4,0.004
25,2018-01-25,21,12,0.028,0.014,0.4,0.004
26,2018-01-26,29,18,0.027,0.016,0.4,0.004
27,2018-01-27,39,26,0.01,0.039,0.7,0.004
28,2018-01-28,26,18,0.028,0.019,0.5,0.004
29,2018-01-29,37,16,0.027,0.017,0.4,0.005
30,2018-01-30,35,20,0.008,0.043,0.7,0.004
31,2018-01-31,35,20,0.011,0.035,0.6,0.004
1,2018-02-01,34,22,0.012,0.038,0.7,0.004
2,2018-02-02,46,32,0.008,0.052,0.9,0.004
3,2018-02-03,32,19,0.026,0.017,0.4,0.003
4,2018-02-04,28,21,0.028,0.014,0.4,0.004
5,2018-02-05,23,15,0.025,0.018,0.4,0.003
6,2018-02-06,26,19,0.027,0.016,0.4,0.003
7,2018-02-07,34,24,0.015,0.036,0.6,0.004
8,2018-02-08,45,33,0.006,0.055,0.9,0.004
9,2018-02-09,63,48,0.005,0.064,1,0.006
10,2018-02-10,63,39,0.022,0.03,0.6,0.005
11,2018-02-11,43,14,0.028,0.017,0.4,0.004
12,2018-02-12,39,13,0.026,0.021,0.4,0.004
13,2018-02-13,41,15,0.018,0.034,0.5,0.004
14,2018-02-14,58,28,0.026,0.034,0.6,0.006
15,2018-02-15,31,14,0.03,0.016,0.4,0.004
16,2018-02-16,37,21,0.023,0.028,0.5,0.004
17,2018-02-17,39,10,0.03,0.013,0.4,0.003
18,2018-02-18,30,16,0.019,0.03,0.6,0.004
19,2018-02-19,51,35,0.012,0.044,0.8,0.004
20,2018-02-20,55,37,0.02,0.034,0.7,0.004
21,2018-02-21,31,18,0.029,0.022,0.4,0.004
22,2018-02-22,38,26,0.019,0.04,0.6,0.005
23,2018-02-23,79,60,0.021,0.039,0.8,0.004
24,2018-02-24,67,49,0.026,0.027,0.7,0.004
25,2018-02-25,36,26,0.021,0.033,0.6,0.004
26,2018-02-26,56,39,0.008,0.062,0.9,0.007
27,2018-02-27,82,57,0.003,0.077,1.2,0.009
28,2018-02-28,63,44,0.01,0.049,0.8,0.005
1,2018-03-01,35,26,0.037,0.017,0.5,0.003
2,2018-03-02,57,24,0.02,0.036,0.5,0.004
3,2018-03-03,49,26,0.014,0.048,0.6,0.006
4,2018-03-04,25,18,0.015,0.038,0.6,0.005
5,2018-03-05,8,5,0.03,0.022,0.4,0.003
6,2018-03-06,25,15,0.02,0.031,0.5,0.003
7,2018-03-07,25,16,0.021,0.03,0.5,0.003
8,2018-03-08,27,23,0.028,0.021,0.5,0.003
9,2018-03-09,41,31,0.017,0.038,0.7,0.003
10,2018-03-10,40,29,0.021,0.036,0.6,0.005
11,2018-03-11,50,35,0.036,0.025,0.5,0.004
12,2018-03-12,76,53,0.016,0.057,0.8,0.005
13,2018-03-13,55,34,0.019,0.048,0.7,0.004
14,2018-03-14,20,11,0.026,0.028,0.4,0.004
15,2018-03-15,20,12,0.014,0.029,0.4,0.002
16,2018-03-16,13,7,0.031,0.02,0.4,0.002
17,2018-03-17,28,18,0.022,0.031,0.4,0.003
18,2018-03-18,54,41,0.021,0.042,0.6,0.004
19,2018-03-19,30,23,0.025,0.03,0.5,0.002
20,2018-03-20,17,8,0.036,0.018,0.4,0.002
21,2018-03-21,13,7,0.03,0.022,0.4,0.002
22,2018-03-22,36,24,0.026,0.032,0.5,0.003
23,2018-03-23,60,44,0.035,0.04,0.6,0.005
24,2018-03-24,101,74,0.035,0.048,0.8,0.006
25,2018-03-25,115,86,0.037,0.042,0.9,0.004
26,2018-03-26,102,64,0.023,0.057,0.9,0.005
27,2018-03-27,81,51,0.032,0.051,0.8,0.006
28,2018-03-28,48,31,0.032,0.036,0.6,0.005
29,2018-03-29,51,34,0.029,0.034,0.5,0.004
30,2018-03-30,55,33,0.026,0.04,0.6,0.003
31,2018-03-31,46,25,0.035,0.036,0.5,0.005
1,2018-04-01,59,28,0.028,0.031,0.5,0.004
2,2018-04-02,57,22,0.027,0.031,0.5,0.004
3,2018-04-03,55,16,0.02,0.03,0.5,0.005
4,2018-04-04,12,6,0.026,0.021,0.4,0.002
5,2018-04-05,8,5,0.017,0.028,0.5,0.002
6,2018-04-06,89,19,0.029,0.019,0.5,0.002
7,2018-04-07,39,19,0.04,0.013,0.4,0.002
8,2018-04-08,26,12,0.031,0.023,0.4,0.003
9,2018-04-09,36,24,0.012,0.046,0.6,0.002
10,2018-04-10,37,18,0.022,0.04,0.6,0.003
11,2018-04-11,48,18,0.035,0.025,0.4,0.003
12,2018-04-12,37,13,0.032,0.029,0.4,0.004
13,2018-04-13,29,13,0.023,0.039,0.5,0.003
14,2018-04-14,18,11,0.037,0.018,0.4,0.002
15,2018-04-15,56,18,0.036,0.017,0.4,0.002
16,2018-04-16,30,19,0.035,0.028,0.5,0.002
17,2018-04-17,47,25,0.033,0.041,0.6,0.003
18,2018-04-18,55,27,0.04,0.039,0.5,0.003
19,2018-04-19,66,35,0.037,0.054,0.6,0.006
20,2018-04-20,86,47,0.044,0.059,0.8,0.006
21,2018-04-21,62,36,0.028,0.058,0.7,0.005
22,2018-04-22,33,18,0.025,0.036,0.5,0.003
23,2018-04-23,9,6,0.037,0.024,0.4,0.002
24,2018-04-24,8,5,0.034,0.024,0.4,0.002
25,2018-04-25,29,21,0.027,0.039,0.5,0.003
26,2018-04-26,37,27,0.036,0.042,0.6,0.004
27,2018-04-27,51,36,0.038,0.044,0.6,0.006
28,2018-04-28,56,36,0.039,0.038,0.5,0.005
29,2018-04-29,48,29,0.055,0.033,0.6,0.005
30,2018-04-30,74,50,0.051,0.032,0.6,0.006
1,2018-05-01,56,39,0.037,0.024,0.5,0.003
2,2018-05-02,42,32,0.023,0.029,0.6,0.003
3,2018-05-03,24,13,0.034,0.025,0.4,0.002
4,2018-05-04,35,15,0.043,0.028,0.4,0.003
5,2018-05-05,36,17,0.058,0.026,0.4,0.004
6,2018-05-06,14,9,0.039,0.022,0.4,0.002
7,2018-05-07,30,17,0.029,0.031,0.5,0.003
8,2018-05-08,15,7,0.043,0.019,0.4,0.002
9,2018-05-09,18,7,0.041,0.02,0.4,0.002
10,2018-05-10,36,20,0.04,0.03,0.4,0.004
11,2018-05-11,52,34,0.045,0.034,0.5,0.003
12,2018-05-12,29,20,0.015,0.048,0.6,0.003
13,2018-05-13,21,15,0.029,0.022,0.4,0.002
14,2018-05-14,68,53,0.035,0.038,0.7,0.004
15,2018-05-15,66,48,0.034,0.05,0.8,0.004
16,2018-05-16,38,26,0.005,0.035,0.5,0.003
17,2018-05-17,14,10,0.009,0.031,0.5,0.002
18,2018-05-18,16,6,0.013,0.023,0.4,0.002
19,2018-05-19,11,5,0.033,0.021,0.3,0.002
20,2018-05-20,11,6,0.035,0.021,0.3,0.002
21,2018-05-21,18,10,0.036,0.029,0.4,0.003
22,2018-05-22,38,21,0.029,0.03,0.5,0.003
23,2018-05-23,40,9,0.046,0.016,0.3,0.002
24,2018-05-24,81,22,0.045,0.032,0.5,0.004
25,2018-05-25,79,30,0.052,0.037,0.6,0.004
26,2018-05-26,74,32,0.063,0.04,0.6,0.004
27,2018-05-27,56,23,0.057,0.027,0.5,0.005
28,2018-05-28,44,22,0.048,0.034,0.5,0.004
29,2018-05-29,38,23,0.035,0.029,0.4,0.004
30,2018-05-30,43,26,0.031,0.027,0.5,0.003
31,2018-05-31,36,21,0.04,0.024,0.4,0.003
1,2018-06-01,34,20,0.04,0.038,0.5,0.003
2,2018-06-02,39,22,0.039,0.037,0.5,0.005
3,2018-06-03,29,19,0.044,0.032,0.5,0.003
4,2018-06-04,38,24,0.029,0.038,0.5,0.005
5,2018-06-05,38,26,0.044,0.028,0.4,0.005
6,2018-06-06,42,29,0.039,0.024,0.4,0.004
7,2018-06-07,42,27,0.027,0.03,0.4,0.003
8,2018-06-08,29,19,0.039,0.016,0.3,0.003
9,2018-06-09,35,22,0.038,0.027,0.4,0.003
10,2018-06-10,9,5,0.035,0.015,0.3,0.002
11,2018-06-11,11,5,0.024,0.02,0.3,0.002
12,2018-06-12,13,7,0.028,0.017,0.3,0.002
13,2018-06-13,24,16,0.034,0.027,0.5,0.003
14,2018-06-14,30,19,0.026,0.031,0.5,0.003
15,2018-06-15,15,8,0.029,0.02,0.4,0.002
16,2018-06-16,22,10,0.043,0.02,0.3,0.002
17,2018-06-17,46,30,0.047,0.026,0.5,0.003
18,2018-06-18,40,26,0.045,0.033,0.5,0.004
19,2018-06-19,34,23,0.031,0.035,0.5,0.005
20,2018-06-20,38,27,0.043,0.017,0.4,0.003
21,2018-06-21,34,22,0.048,0.019,0.4,0.003
22,2018-06-22,37,24,0.049,0.033,0.5,0.003
23,2018-06-23,35,21,0.049,0.029,0.5,0.005
24,2018-06-24,62,37,0.062,0.02,0.5,0.005
25,2018-06-25,57,33,0.061,0.038,0.5,0.004
26,2018-06-26,56,36,0.03,0.037,0.6,0.004
27,2018-06-27,26,18,0.041,0.025,0.5,0.003
28,2018-06-28,24,15,0.02,0.035,0.6,0.003
29,2018-06-29,36,24,0.041,0.03,0.5,0.003
30,2018-06-30,60,41,0.02,0.039,0.6,0.003
1,2018-07-01,12,8,0.014,0.025,0.4,0.002
2,2018-07-02,12,7,0.015,0.037,0.5,0.003
3,2018-07-03,14,8,0.011,0.023,0.4,0.003
4,2018-07-04,20,11,0.021,0.025,0.4,0.003
5,2018-07-05,20,14,0.018,0.023,0.4,0.003
6,2018-07-06,6,3,0.016,0.018,0.3,0.002
7,2018-07-07,8,3,0.026,0.016,0.3,0.002
8,2018-07-08,11,6,0.03,0.018,0.3,0.002
9,2018-07-09,9,5,0.009,0.019,0.3,0.002
10,2018-07-10,24,13,0.003,0.031,0.6,0.003
11,2018-07-11,37,20,0.006,0.025,0.5,0.004
12,2018-07-12,31,16,0.005,0.019,0.3,0.004
13,2018-07-13,22,14,0.011,0.019,0.3,0.004
14,2018-07-14,20,13,0.014,0.02,0.3,0.004
15,2018-07-15,23,16,0.026,0.014,0.3,0.004
16,2018-07-16,23,16,0.024,0.021,0.3,0.004
17,2018-07-17,28,21,0.016,0.021,0.3,0.005
18,2018-07-18,33,26,0.023,0.022,0.3,0.004
19,2018-07-19,26,19,0.024,0.017,0.3,0.003
20,2018-07-20,34,23,0.036,0.028,0.4,0.004
21,2018-07-21,34,23,0.045,0.031,0.4,0.005
22,2018-07-22,28,18,0.045,0.021,0.4,0.003
23,2018-07-23,31,19,0.042,0.02,0.3,0.005
24,2018-07-24,39,28,0.064,0.027,0.4,0.005
25,2018-07-25,34,21,0.025,0.025,0.4,0.005
26,2018-07-26,43,27,0.03,0.025,0.4,0.004
27,2018-07-27,52,34,0.038,0.022,0.4,0.003
28,2018-07-28,46,31,0.019,0.033,0.3,0.003
29,2018-07-29,18,13,0.026,0.016,0.2,0.003
30,2018-07-30,10,6,0.021,0.021,0.3,0.002
31,2018-07-31,18,11,0.045,0.02,0.4,0.003
1,2018-08-01,34,21,0.053,0.023,0.4,0.003
2,2018-08-02,40,29,0.066,0.027,0.5,0.004
3,2018-08-03,47,35,0.061,0.028,0.5,0.004
4,2018-08-04,27,19,0.039,0.015,0.3,0.004
5,2018-08-05,34,22,0.032,0.008,0.2,0.003
6,2018-08-06,38,25,0.031,0.02,0.2,0.003
7,2018-08-07,19,13,0.033,0.021,0.2,0.003
8,2018-08-08,30,20,0.028,0.014,0.2,0.003
9,2018-08-09,29,20,0.025,0.019,0.2,0.004
10,2018-08-10,16,11,0.029,0.018,0.3,0.003
11,2018-08-11,10,6,0.031,0.023,0.2,0.002
12,2018-08-12,17,12,0.035,0.022,0.2,0.003
13,2018-08-13,33,25,0.025,0.023,0.3,0.003
14,2018-08-14,25,16,0.033,0.023,0.4,0.004
15,2018-08-15,27,19,0.036,0.028,0.4,0.003
16,2018-08-16,19,9,0.021,0.022,0.4,0.003
17,2018-08-17,13,6,0.026,0.022,0.3,0.002
18,2018-08-18,14,6,0.036,0.02,0.3,0.003
19,2018-08-19,22,12,0.048,0.022,0.4,0.003
20,2018-08-20,31,21,0.037,0.035,0.5,0.003
21,2018-08-21,21,11,0.03,0.024,0.4,0.003
22,2018-08-22,20,12,0.031,0.03,0.4,0.003
23,2018-08-23,13,7,0.01,0.019,0.3,0.003
24,2018-08-24,8,4,0.021,0.016,0.3,0.002
25,2018-08-25,22,11,0.04,0.021,0.4,0.003
26,2018-08-26,19,10,0.031,0.023,0.4,0.003
27,2018-08-27,11,6,0.017,0.028,0.4,0.002
28,2018-08-28,11,7,0.004,0.027,0.5,0.003
29,2018-08-29,14,7,0.004,0.025,0.4,0.003
30,2018-08-30,22,13,0.012,0.031,0.4,0.003
31,2018-08-31,23,13,0.04,0.023,0.4,0.003
1,2018-09-01,19,9,0.021,0.027,0.4,0.002
2,2018-09-02,14,7,0.035,0.019,0.3,0.002
3,2018-09-03,15,8,0.015,0.031,0.4,0.003
4,2018-09-04,15,7,0.036,0.016,0.3,0.002
5,2018-09-05,24,10,0.047,0.019,0.4,0.003
6,2018-09-06,31,17,0.042,0.036,0.5,0.004
7,2018-09-07,23,11,0.051,0.016,0.4,0.003
8,2018-09-08,21,10,0.037,0.019,0.4,0.003
9,2018-09-09,19,10,0.033,0.022,0.4,0.003
10,2018-09-10,11,5,0.028,0.021,0.3,0.002
11,2018-09-11,13,6,0.025,0.023,0.3,0.002
12,2018-09-12,15,8,0.028,0.03,0.4,0.002
13,2018-09-13,19,10,0.017,0.033,0.4,0.003
14,2018-09-14,17,10,0.016,0.03,0.4,0.002
15,2018-09-15,11,6,0.018,0.028,0.4,0.002
16,2018-09-16,33,21,0.035,0.019,0.4,0.003
17,2018-09-17,25,13,0.041,0.018,0.4,0.002
18,2018-09-18,30,15,0.028,0.033,0.5,0.003
19,2018-09-19,34,18,0.024,0.04,0.6,0.003
20,2018-09-20,14,9,0.027,0.026,0.4,0.002
21,2018-09-21,7,5,0.021,0.026,0.4,0.002
22,2018-09-22,25,9,0.03,0.027,0.5,0.003
23,2018-09-23,26,9,0.034,0.019,0.4,0.003
24,2018-09-24,13,6,0.036,0.009,0.3,0.002
25,2018-09-25,14,7,0.024,0.017,0.3,0.002
26,2018-09-26,8,5,0.03,0.014,0.3,0.002
27,2018-09-27,8,5,0.027,0.018,0.3,0.002
28,2018-09-28,14,8,0.016,0.027,0.4,0.002
29,2018-09-29,14,8,0.019,0.029,0.4,0.002
30,2018-09-30,17,10,0.028,0.019,0.4,0.003
31,2018-10-01,15,8,0.032,0.012,0.3,0.002
30,2018-10-02,22,12,0.026,0.024,0.4,0.003
29,2018-10-03,22,13,0.022,0.032,0.5,0.003
28,2018-10-04,22,14,0.015,0.031,0.5,0.003
27,2018-10-05,9,7,0.007,0.033,0.4,0.003
26,2018-10-06,5,3,0.024,0.019,0.3,0.002
25,2018-10-07,23,10,0.026,0.019,0.4,0.003
24,2018-10-08,20,8,0.016,0.031,0.4,0.003
23,2018-10-09,23,12,0.008,0.039,0.5,0.003
22,2018-10-10,16,9,0.020,0.015,0.4,0.002
21,2018-10-11,17,8,0.020,0.017,0.4,0.002
20,2018-10-12,22,12,0.018,0.027,0.4,0.003
19,2018-10-13,30,19,0.012,0.043,0.5,0.003
18,2018-10-14,31,20,0.028,0.032,0.5,0.003
17,2018-10-15,53,32,0.036,0.035,0.7,0.004
16,2018-10-16,41,22,0.020,0.037,0.6,0.004
15,2018-10-17,32,16,0.016,0.037,0.5,0.003
14,2018-10-18,12,7,0.017,0.023,0.4,0.003
13,2018-10-19,18,9,0.019,0.028,0.4,0.003
12,2018-10-20,35,18,0.014,0.040,0.6,0.003
11,2018-10-21,34,20,0.024,0.038,0.6,0.003
10,2018-10-22,48,31,0.018,0.055,0.7,0.005
9,2018-10-23,48,29,0.015,0.050,0.7,0.004
8,2018-10-24,38,17,0.016,0.038,0.6,0.003
7,2018-10-25,36,18,0.009,0.050,0.7,0.003
6,2018-10-26,33,17,0.012,0.042,0.6,0.004
5,2018-10-27,25,6,0.027,0.014,0.3,0.003
4,2018-10-28,14,8,0.017,0.025,0.4,0.003
3,2018-10-29,16,8,0.018,0.019,0.3,0.003
2,2018-10-30,21,11,0.018,0.017,0.4,0.003
1,2018-10-31,21,12,0.018,0.022,0.4,0.003
30,2018-11-01,31,18,0.012,0.038,0.6,0.003
29,2018-11-02,41,25,0.007,0.054,0.8,0.004
28,2018-11-03,50,33,0.012,0.055,0.8,0.004
27,2018-11-04,41,28,0.020,0.042,0.7,0.003
26,2018-11-05,56,37,0.012,0.049,0.8,0.004
25,2018-11-06,96,67,0.005,0.066,1.0,0.005
24,2018-11-07,58,43,0.010,0.039,0.6,0.003
23,2018-11-08,11,6,0.013,0.031,0.5,0.003
22,2018-11-09,37,22,0.031,0.024,0.5,0.004
21,2018-11-10,70,45,0.024,0.035,0.7,0.004
20,2018-11-11,66,42,0.010,0.038,0.7,0.003
19,2018-11-12,30,17,0.014,0.036,0.6,0.004
18,2018-11-13,38,22,0.011,0.042,0.7,0.004
17,2018-11-14,31,20,0.012,0.041,0.6,0.003
16,2018-11-15,42,30,0.007,0.052,0.7,0.004
15,2018-11-16,51,36,0.016,0.040,0.8,0.004
14,2018-11-17,31,19,0.010,0.031,0.6,0.003
13,2018-11-18,33,20,0.013,0.032,0.6,0.004
12,2018-11-19,54,31,0.013,0.041,0.8,0.004
11,2018-11-20,45,18,0.014,0.038,0.6,0.004
10,2018-11-21,32,17,0.013,0.035,0.5,0.003
9,2018-11-22,22,11,0.026,0.018,0.4,0.003
8,2018-11-23,24,12,0.014,0.034,0.5,0.003
7,2018-11-24,23,15,0.008,0.037,0.5,0.003
6,2018-11-25,46,35,0.007,0.045,0.8,0.003
5,2018-11-26,62,43,0.006,0.050,1.0,0.004
4,2018-11-27,117,51,0.008,0.047,0.9,0.004
3,2018-11-28,109,19,0.017,0.029,0.5,0.004
2,2018-11-29,70,21,0.005,0.041,0.6,0.004
1,2018-11-30,57,23,0.007,0.041,0.6,0.004
31,2018-12-01,45,24,0.005,0.050,0.7,0.004
30,2018-12-02,45,24,0.006,0.042,0.7,0.004
29,2018-12-03,43,23,0.007,0.041,0.7,0.003
28,2018-12-04,33,17,0.016,0.021,0.5,0.003
27,2018-12-05,27,13,0.014,0.023,0.4,0.003
26,2018-12-06,37,18,0.012,0.027,0.5,0.003
25,2018-12-07,22,10,0.029,0.010,0.3,0.003
24,2018-12-08,23,10,0.029,0.010,0.3,0.003
23,2018-12-09,21,12,0.026,0.016,0.4,0.003
22,2018-12-10,34,21,0.006,0.043,0.7,0.003
21,2018-12-11,42,28,0.004,0.046,0.7,0.004
20,2018-12-12,46,27,0.018,0.028,0.5,0.004
19,2018-12-13,39,26,0.019,0.030,0.6,0.004
18,2018-12-14,31,20,0.016,0.029,0.4,0.003
17,2018-12-15,59,42,0.004,0.053,0.8,0.004
16,2018-12-16,58,45,0.002,0.055,0.9,0.004
15,2018-12-17,74,50,0.011,0.041,0.8,0.005
14,2018-12-18,46,27,0.007,0.052,0.8,0.005
13,2018-12-19,50,29,0.010,0.048,0.7,0.005
12,2018-12-20,54,35,0.004,0.059,0.9,0.005
11,2018-12-21,70,45,0.003,0.069,1.0,0.007
10,2018-12-22,79,56,0.012,0.059,0.9,0.006
9,2018-12-23,50,28,0.028,0.022,0.6,0.004
8,2018-12-24,22,12,0.017,0.030,0.4,0.004
7,2018-12-25,32,20,0.003,0.052,0.7,0.005
6,2018-12-26,47,25,0.019,0.026,0.6,0.004
5,2018-12-27,25,9,0.027,0.013,0.3,0.003
4,2018-12-28,34,14,0.018,0.019,0.4,0.003
3,2018-12-29,36,10,0.026,0.015,0.4,0.003
2,2018-12-30,32,18,0.013,0.031,0.6,0.004
1,2018-12-31,46,31,0.006,0.049,0.8,0.003
31,2019-01-01,36,25,0.020,0.030,0.6,0.003
30,2019-01-02,33,22,0.015,0.036,0.6,0.004
29,2019-01-03,35,22,0.007,0.048,0.7,0.004
28,2019-01-04,55,38,0.003,0.068,1.0,0.006
27,2019-01-05,60,38,0.021,0.030,0.6,0.005
26,2019-01-06,42,20,0.011,0.041,0.6,0.004
25,2019-01-07,51,32,0.010,0.053,0.9,0.005
24,2019-01-08,38,18,0.025,0.023,0.5,0.005
23,2019-01-09,47,22,0.009,0.041,0.7,0.004
22,2019-01-10,51,30,0.005,0.052,0.7,0.005
21,2019-01-11,71,48,0.004,0.061,1.0,0.005
20,2019-01-12,89,63,0.010,0.058,1.0,0.005
19,2019-01-13,107,73,0.018,0.050,1.1,0.005
18,2019-01-14,155,113,0.005,0.073,1.4,0.006
17,2019-01-15,122,72,0.024,0.029,0.8,0.005
16,2019-01-16,43,17,0.017,0.026,0.5,0.003
15,2019-01-17,39,20,0.014,0.038,0.6,0.004
14,2019-01-18,53,32,0.010,0.054,0.8,0.005
13,2019-01-19,87,58,0.010,0.059,1.0,0.007
12,2019-01-20,59,30,0.029,0.019,0.5,0.004
11,2019-01-21,42,19,0.009,0.044,0.7,0.004
10,2019-01-22,61,28,0.009,0.052,0.9,0.005
9,2019-01-23,69,39,0.019,0.041,0.8,0.005
8,2019-01-24,36,18,0.012,0.043,0.6,0.004
7,2019-01-25,44,18,0.023,0.028,0.5,0.004
6,2019-01-26,40,19,0.028,0.019,0.4,0.004
5,2019-01-27,34,18,0.015,0.038,0.6,0.004
4,2019-01-28,73,20,0.027,0.022,0.5,0.004
3,2019-01-29,62,20,0.008,0.048,0.6,0.005
2,2019-01-30,54,26,0.009,0.054,0.7,0.005
1,2019-01-31,63,19,0.019,0.024,0.5,0.004
28,2019-02-01,35,16,0.014,0.034,0.5,0.004
27,2019-02-02,56,33,0.005,0.051,0.8,0.004
26,2019-02-03,35,25,0.018,0.031,0.7,0.003
25,2019-02-04,71,35,0.028,0.021,0.5,0.003
24,2019-02-05,76,25,0.011,0.046,0.7,0.004
23,2019-02-06,90,31,0.015,0.047,0.7,0.005
22,2019-02-07,59,29,0.033,0.015,0.5,0.003
21,2019-02-08,30,16,0.020,0.024,0.5,0.003
20,2019-02-09,35,17,0.030,0.015,0.4,0.003
19,2019-02-10,41,23,0.022,0.025,0.5,0.004
18,2019-02-11,37,22,0.027,0.024,0.5,0.004
17,2019-02-12,55,34,0.031,0.027,0.7,0.005
16,2019-02-13,38,20,0.027,0.026,0.5,0.004
15,2019-02-14,46,23,0.013,0.043,0.6,0.004
14,2019-02-15,38,25,0.017,0.039,0.6,0.003
13,2019-02-16,56,43,0.038,0.017,0.7,0.004
12,2019-02-17,35,23,0.028,0.027,0.5,0.004
11,2019-02-18,39,23,0.006,0.055,0.7,0.004
10,2019-02-19,40,29,0.010,0.045,0.6,0.003
9,2019-02-20,56,44,0.027,0.033,0.7,0.004
8,2019-02-21,74,57,0.016,0.050,0.9,0.004
7,2019-02-22,66,48,0.016,0.054,0.9,0.005
6,2019-02-23,48,32,0.016,0.052,0.8,0.004
5,2019-02-24,60,44,0.024,0.051,0.8,0.005
4,2019-02-25,74,53,0.024,0.039,0.7,0.004
3,2019-02-26,47,24,0.019,0.042,0.6,0.004
2,2019-02-27,61,39,0.018,0.054,0.7,0.005
1,2019-02-28,79,51,0.028,0.053,0.8,0.005
22,2019-03-01,109,75,0.031,0.056,0.9,0.005
21,2019-03-02,109,75,0.026,0.061,1.0,0.005
20,2019-03-03,101,69,0.037,0.049,0.9,0.005
19,2019-03-04,150,103,0.038,0.051,1.0,0.005
18,2019-03-05,174,122,0.041,0.040,0.9,0.005
17,2019-03-06,130,90,0.036,0.048,0.8,0.005
16,2019-03-07,52,35,0.039,0.030,0.6,0.003
15,2019-03-08,42,23,0.024,0.044,0.6,0.004
14,2019-03-09,41,26,0.013,0.059,0.7,0.006
13,2019-03-10,45,29,0.030,0.037,0.5,0.004
12,2019-03-11,63,41,0.021,0.043,0.7,0.004
11,2019-03-12,76,45,0.033,0.029,0.6,0.003
10,2019-03-13,35,10,0.032,0.024,0.4,0.003
9,2019-03-14,40,20,0.026,0.037,0.5,0.004
8,2019-03-15,51,29,0.028,0.035,0.5,0.003
7,2019-03-16,37,24,0.028,0.028,0.5,0.003
6,2019-03-17,32,19,0.033,0.027,0.4,0.003
5,2019-03-18,36,20,0.014,0.052,0.6,0.005
4,2019-03-19,59,37,0.019,0.057,0.8,0.006
3,2019-03-20,89,62,0.011,0.057,0.8,0.004
2,2019-03-21,30,21,0.038,0.024,0.5,0.002
1,2019-03-22,35,18,0.042,0.014,0.4,0.003
