date,187750,45060,83550,45520,22100
20150102,0,0.00244798,0.008426966,-0.006544503,-0.00754717
20150105,0,0.008383234,-0.009370817,0.001302083,0
20150106,0,0.002386635,-0.00273224,-0.006377551,-0.00776699
20150107,0,0,0.020408163,0.001267427,-0.005813953
20150108,0,0,0.010335917,0.00250941,0.005847953
20150109,-0.009174312,-0.001204819,0,0.007575758,0.007677543
20150112,-0.004784689,0.003444317,0,-0.00373599,0.001834862
20150113,0.01635514,-0.00908059,0.00255102,-0.003726708,0.007476636
20150114,-0.016393443,0.001145475,0.00131406,0,0.011009174
20150115,0.009389671,0.015169195,-0.002659574,0,-0.009174312
20150116,0,0,0,-0.001246883,-0.003759398
20150119,0.017021277,0.002317497,0.008032129,0.00125,0.014981273
20150120,0.016260163,0.007058824,0.006587615,0.009744214,0.001858736
20150121,0,-0.003456221,0.006385696,-0.004854369,0.009363296
20150122,0,0.00456621,0.012820513,0,0.008833922
20150123,0.007968127,0.002301496,0.079385403,0.006203474,0.016216216
20150126,0,0.003436426,0.01653944,0.00241838,0.003514938
20150127,-0.00390625,0,-0.001277139,0.001210654,0.012433393
20150128,-0.001972387,-0.012208657,-0.005208333,0,0.001808318
20150129,0.041420118,-0.002229654,0.006527415,0,0.001779359
20150130,0.015841584,-0.005524862,0.023017903,-0.004830918,0
20150202,0,-0.006578947,0.005050505,0.003631961,-0.005454545
20150203,0.010344828,-0.002212389,0.009950249,0.001191895,0.005385996
20150204,0.133540373,0.006622517,0.002503129,0.001212121,0.01584507
20150205,0.026536313,0.006535948,0.006112469,0.013048636,0.005199307
20150206,0,0.001101322,-0.003680982,0,0.00862069
20150209,-0.005952381,0.008547009,0.009888752,0,0.003502627
20150210,0.023255814,0,0.004944376,0.004494382,0.001757469
20150211,0,0.020474138,0.002518892,0.001129944,0.005136986
20150212,0.019283747,0.008465608,-0.007518797,-0.004519774,0
20150213,-0.00143472,-0.005347594,-0.009126467,0.012956419,0.018835616
20150216,-0.034770515,0.001075269,0.005167959,0,0.003395586
20150217,0.081428571,0.00106383,0,0,-0.003418803
20150223,0,0.12407211,0.060453401,0.112280702,0.001703578
20150224,0.016717325,0.010526316,0.003764115,0.010452962,0.00681431
20150225,0,0.006507592,0.014851485,0.004716981,0.008517888
20150226,0.023696682,-0.007981756,-0.008674102,-0.004739336,0.001712329
20150227,0.041602465,0.009070295,0.001242236,-0.002361275,0.010398614
20150302,0.039393939,0.004484305,0,0.009174312,0.006849315
20150303,0.037707391,0.012114537,-0.004750594,0.008018328,0.003267974
20150304,0,-0.013043478,0,-0.00547046,0.004901961
20150305,-0.021705426,-0.007717751,0.008928571,-0.001074114,0.004918033
20150306,0.018348624,-0.002247191,0,-0.003239741,0.003246753
20150309,-0.012232416,-0.009966777,0.002347418,-0.02173913,-0.003273322
20150310,0,0.003389831,0.009389671,0.001076426,0.006644518
20150311,-0.004680187,-0.005727377,-0.023809524,-0.007583965,-0.006589786
20150312,-0.008025682,0.001156069,0.009456265,0.013114754,0
20150313,0.001515152,0.009090909,0.002298851,0.006423983,0.004983389
20150316,0,0.007847534,0.010238908,0.009574468,-0.047775947
20150317,0.041795666,0,0.00814901,0,0.005347594
20150318,0.034161491,-0.002254791,-0.004571429,0.010416667,0
20150319,-0.00466563,0.001141553,0.004728132,0.012145749,0.007130125
20150320,0.00152207,0,0,0.004102564,0.001792115
20150323,0,0.004484305,-0.003432494,0.023302938,0.007366483
20150324,0,0,0.003448276,0.003027245,0.005514706
20150325,0.001310616,-0.002232143,0.020879121,-0.008138352,-0.001818182
20150326,0,-0.002222222,-0.011111111,-0.018711019,0.005385996
20150327,0.010362694,-0.010089686,-0.003456221,0.011603376,0.005319149
20150330,0,0.019607843,0.008333333,-0.003138075,0.005366726
20150331,0.027741083,0.011494253,0.007025761,0.002083333,0.001788909
20150401,-0.04,0.010230179,0.003671971,0.016129032,0.003552398
20150402,-0.001351351,0.005050505,0.008235294,-0.002076843,-0.003539823
20150403,0.009668508,0.009756098,-0.002352941,-0.005122951,0.007194245
20150406,-0.009459459,0.00245098,0.008215962,0.004044489,-0.001792115
20150407,-0.009308511,0,0.00228833,-0.00610998,0.005395683
20150408,-0.010666667,0,0.006810443,0.004106776,0
20150409,0,0.00124533,0.00116144,0,0.001745201
20150410,-0.019690577,0,0.013856813,0,0
20150413,-0.069565217,-0.00249066,0.004550626,-0.00522466,0
20150414,-0.024960998,-0.00125,-0.002317497,0,0
20150415,-0.004658385,0.002496879,0.001177856,-0.013859275,0.007104796
20150416,0.009259259,0.008652658,0.009389671,0.011470282,0.006980803
20150417,-0.00617284,0.02189781,0.019079686,0.019417476,0.003430532
20150420,-0.007739938,-0.014457831,-0.001114827,-0.007722008,-0.012006861
20150421,0.027314112,0.009615385,0.002232143,0.007677543,0.005235602
20150422,0,0.007185629,0.008438819,0.035532995,0
20150423,0.083823529,0.008849558,0.018181818,-0.003649635,0.003577818
20150424,-0.008862629,0.003792668,0,0,0.003552398
20150427,-0.004524887,-0.00128041,0.001190476,-0.007722008,0
20150428,0.018547141,-0.001269036,0.002331002,-0.019120459,-0.007207207
20150429,0,0.010638298,0,-0.017681729,0
20150430,-0.083003953,-0.009126467,-0.008055236,0.027944112,-0.001818182
20150504,-0.120743034,0,0.015348288,0.001968504,0.001845018
20150506,-0.017006803,0,0,0,0
20150507,-0.029982363,0,0.004535147,0.00589391,0.005660377
20150508,-0.011844332,0.002857143,0.008849558,0.007843137,-0.005565863
20150511,-0.016286645,0.006877579,0.005555556,-0.005847953,-0.003696858
20150512,-0.001642036,0,0.072210066,0.020872865,0.001865672
20150513,0,0,0,0.005597015,-0.001876173
20150514,0.009646302,-0.008333333,0.006493506,0,-0.001886792
20150515,0.003322259,0.00137931,0.003201708,0.001851852,0.007490637
20150518,-0.00990099,0.00952381,-0.0110011,0.010968921,-0.001879699
20150519,-0.009917355,-0.004115226,0,0,0.003831418
20150520,0.007849294,-0.004143646,0.004201681,-0.00990099,-0.003816794
20150521,0.007633588,0.026829268,0.009027081,0.005940594,0
20150522,-0.013657056,0.077720207,0.055102041,0.028169014,-0.001904762
20150526,0.010719755,0.024358974,0.006012024,0,0
20150527,-0.012345679,0.058898848,0.009345794,0.007150153,-0.005649718
20150528,0,-0.020089286,-0.009861933,-0.010449321,0.003853565
20150529,-0.028125,0.067264574,0.023622047,0.010683761,-0.005836576
20150601,0.003284072,0.119140625,0.148972603,0.09310987,0.007920792
20150602,-0.033386328,0.130952381,0.149031297,0.147058824,-0.003960396
20150603,-0.023961661,0.149408284,0.149156939,0,-0.007858546
20150604,-0.004909984,-0.002574003,0.038374718,0.015037594,0
20150605,-0.013136289,0.102874433,0.147869674,0.087878788,-0.009861933
20150608,-0.009868421,-0.025032938,-0.017448201,-0.037313433,0.003960396
20150609,0.006420546,0,0,-0.10877193,-0.007035176
20150610,0.00152207,0.013745704,0.010174419,-0.016494845,0.007984032
20150611,0,0.026266417,0.009389671,0.012154696,0.007035176
20150612,-0.009090909,-0.012302285,0.015748031,0.008036739,0.007968127
20150615,0.016467066,0.047619048,0.05141844,0.014492754,0.003952569
20150616,-0.020440252,0.011320755,0.01322314,0.009569378,-0.001949318
20150617,0.009771987,0.010245902,0.018644068,-0.012562814,0.005976096
20150618,0.006535948,-0.019230769,-0.045261669,-0.007317073,0.011904762
20150619,0,0.02268431,0.09077381,0.009913259,0
20150622,0.025,-0.076305221,-0.099710983,-0.012048193,0.005882353
20150623,-0.009146341,0.008888889,0.011532125,0.011083744,0.007797271
20150624,0,-0.001121076,-0.003378378,0.004901961,0.00776699
20150625,-0.079268293,0.023516237,0.033557047,0.008373206,0
20150626,0.003278689,-0.003363229,-0.001703578,0,0.001893939
20150629,0,-0.030552291,-0.029982363,-0.004581901,0.013461538
20150630,-0.00330033,-0.018404908,-0.013207547,-0.009501188,0.015122873
20150701,0.010033445,0.008363202,-0.005454545,0.010526316,0.011235955
20150702,0.006622517,0.00241838,0.02189781,0.015891033,0.003738318
20150703,0.02247191,0.007168459,-0.005464481,0.013245033,0.011111111
20150706,-0.027565084,-0.019559902,0,-0.00219539,-0.014787431
20150707,0.013846154,0.003690037,0.0056926,0.051524711,0.003780718
20150708,-0.004807692,0.010178117,0,0.148867314,0.003824092
20150709,-0.014516129,-0.002484472,-0.005607477,0.02724359,0.009505703
20150710,0.012944984,0.032019704,0.027675277,-0.01217656,0.010928962
20150713,0.004846527,-0.008363202,0.009191176,0.042071197,-0.001818182
20150714,0,0.009512485,0.018315018,0,0.007272727
20150715,0.019169329,0.001210654,0.001824818,-0.052857143,0.010869565
20150716,0.012658228,0,0.008650519,0.020289855,0
20150717,0.003169572,0.019953052,0.006932409,0.022222222,0.005338078
20150720,0,-0.008333333,-0.001808318,0.006051437,-0.007407407
20150721,0,0.002352941,0.009191176,0,0
20150722,-0.001594896,0.007025761,0,0.007215007,0.005607477
20150723,0.001620746,0.003436426,0.007393715,-0.011379801,0.007407407
20150724,0,-0.001140251,0.001779359,0.00281294,0
20150727,-0.001594896,-0.004561003,0.0433213,0.001408451,0
20150728,-0.011235955,-0.019138756,-0.034682081,-0.009615385,-0.015503876
20150729,0.02800659,0.012468828,0.00589391,0.010899183,0.001953125
20150730,0,0,-0.008,0.00286533,-0.005905512
20150731,-0.003333333,-0.01980198,0.00212766,0.001494768,0
20150803,-0.025210084,-0.002444988,0,0.026984127,-0.001972387
20150804,-0.018965517,-0.017135863,0.002020202,0.001538462,-0.001964637
20150805,0,0.078219013,0.015936255,0.094420601,-0.001956947
20150806,0,0.003500583,0.001923077,0.014285714,0.005802708
20150807,0,-0.002325581,0.009708738,0,0.009689922
20150810,-0.01208981,0,-0.009578544,-0.004347826,-0.005714286
20150811,0,0.00921659,0.001883239,-0.039764359,-0.003846154
20150812,0,-0.005694761,-0.00952381,0.004431315,-0.003929273
20150813,-0.018867925,0.007083825,-0.013645224,0.016768293,0
20150817,0.019920319,0.022016222,0.00754717,0,-0.011741683
20150818,0.008,0.01594533,0.034285714,-0.020408163,-0.008964143
20150819,0.011385199,-0.014722537,-0.005988024,-0.035433071,0
20150820,0.025454545,-0.027611044,0,-0.037328094,-0.009100101
20150821,-0.005524862,-0.058536585,-0.059405941,-0.099099099,-0.071283096
20150824,-0.098039216,-0.056356488,-0.053927315,-0.00729927,-0.014925373
20150825,-0.001926782,0.022535211,0.001239157,0.031400966,0.010869565
20150826,-0.00589391,0.008,0.010843373,0.008092486,-0.009384776
20150827,0.035447761,0.010416667,0.012702079,0.020618557,0.018145161
20150828,-0.019748654,0.003841229,0.007918552,0.014957265,0.013972056
20150831,0.018656716,0.003787879,0.002222222,0.002096436,-0.00695825
20150901,-0.021113244,0,0.008918618,0.003278689,-0.003929273
20150902,0,-0.029562982,-0.006629834,-0.020524515,-0.005836576
20150903,0.037610619,0.003865979,0.010869565,0.015486726,0
20150904,0.002192982,0.001293661,0.002169197,0.003355705,0
20150907,-0.002212389,-0.006527415,-0.018538713,0.003480278,0.00589391
20150908,0.006711409,-0.009009009,0.008898776,0,0.007604563
20150909,0.014285714,0.005167959,0.002275313,0.01734104,0.011342155
20150910,0,-0.011320755,-0.001094092,-0.00228833,-0.013207547
20150911,0.02764977,0,-0.013043478,-0.003264418,0.003752345
20150914,0,0,0.018478261,0.003250271,0.00744879
20150915,0.022321429,0,0,0.004366812,-0.007434944
20150916,0.017857143,0.012805588,0.010341262,-0.002057613,0.005628518
20150917,0,0,0.013584117,0,0.003724395
20150918,0.004376368,0,0.008264463,-0.006369427,0.001838235
20150921,0.002061856,-0.004634994,-0.004115226,-0.001027749,-0.005474453
20150922,0.022964509,0.001123596,0.014028056,-0.005263158,0.003649635
20150923,0.00204918,-0.001136364,-0.004024145,-0.002079002,-0.016100179
20150924,0.02892562,0,0.010162602,0.001090513,0.003649635
20150925,0.011538462,0.008536585,-0.012486993,-0.006528836,0
20150930,-0.011363636,-0.002320186,0,-0.003325942,-0.009041591
20151001,0,0,0.007430998,0.002227171,0.007233273
20151002,0.00390625,-0.004587156,0.003164557,0,0
20151005,0.011928429,0.00456621,0.00974026,0.001060445,0.001824818
20151006,-0.0078125,0.057757644,0.009677419,0.018065887,0.003703704
20151007,0.001949318,-0.002290951,0.008298755,0,0.007194245
20151008,0.001926782,0.002333722,0,0.005376344,0.007220217
20151012,-0.013565891,0.007829978,-0.009803922,0,0.001818182
20151013,0.033138402,0.060897436,0.041176471,0.021834061,-0.005405405
20151014,0.011811024,0.014705882,0,-0.006437768,-0.007194245
20151015,-0.012987013,-0.006507592,0.01372549,0.001066098,0
20151016,0.016977929,0.007462687,-0.005780347,0.003061224,0.003669725
20151019,0.011400651,0.007543103,-0.003759398,0,0
20151020,0.016129032,0.02090209,0.019047619,0.026262626,0
20151021,0.017684887,0.022340426,0.007604563,0,-0.018315018
20151022,-0.013114754,0.036170213,0.020992366,0.00990099,0.001934236
20151023,0.006896552,0.018763797,0.027184466,-0.003076923,0
20151026,-0.014414414,0,0.007751938,0,-0.008032129
20151027,-0.001862197,0,0.005882353,0,-0.001005025
20151028,-0.025590551,0.007936508,0.001934236,0.002105263,-0.006024096
20151029,-0.01010101,0.016,0.037037037,0,-0.001996008
20151030,-0.008213552,0.016949153,0.014981273,0.002155172,0.012096774
20151102,0,0.010123735,0.009328358,0,-0.011011011
20151103,-0.008474576,0,0,0,-0.00102145
20151104,0.02016129,0.013574661,0.005905512,0.001123596,0.002012072
20151105,0.020491803,0.007963595,0,0.003296703,-0.002028398
20151106,0.008264463,-0.007972665,-0.007843137,-0.003307607,0.003033367
20151109,-0.018036072,-0.001172333,0,-0.002217295,0.004028197
20151110,0,-0.01375,-0.038054968,-0.019607843,-0.013527575
20151111,0,0.026829268,-0.008592911,0.016587678,0
20151112,0.014705882,-0.008168028,0.001038422,0,0.001061571
20151113,-0.021367521,-0.019296254,-0.016546019,-0.002277904,-0.011689692
20151116,-0.074235808,-0.028571429,-0.026,-0.021372328,-0.004329004
20151117,-0.017857143,0.003631961,0.006217617,0.001179245,-0.005555556
20151118,0,0.054373522,0.01319797,0.001152074,0
20151119,-0.00678733,0,0.014112903,0.001121076,0.003218884
20151120,0.018181818,-0.001176471,-0.01108871,-0.003367003,0.014861996
20151123,0.013605442,0,0.00967118,0.002237136,0.001049318
20151124,0,0.00462963,0,0,0
20151125,0.011061947,0.007025761,0.005366726,0.003424658,0
20151126,-0.006651885,0.005875441,-0.001798561,-0.002227171,0.00814664
20151127,0.002192982,0,0,0.001112347,0.006116208
20151130,0.006521739,-0.002325581,0.003508772,0.005518764,0.029989659
20151201,-0.006521739,0.010739857,-0.003584229,0,0.002066116
20151202,0.004545455,0.003558719,0,0.005586592,0
20151203,0.011210762,-0.006772009,0.005059022,0.004273504,0
20151204,0.002298851,-0.005611672,-0.018425461,0,-0.011235955
20151207,0.009237875,0.01799775,0,0.002164502,0
20151208,0,0,0,0,-0.00716479
20151209,0,-0.003359462,-0.013937282,0.013245033,0
20151210,-0.058201058,-0.0087241,-0.01369863,-0.001060445,-0.004192872
20151211,0,0.001131222,0.001727116,0.004385965,-0.012820513
20151214,0,-0.028702641,-0.015490534,-0.007865169,-0.013039117
20151215,-0.005524862,0.001206273,0,0.001158749,0.004140787
20151216,0,0.007083825,0,-0.004494382,0.012307692
20151217,0.020833333,0,0.011532125,0.010089686,0.011316872
20151218,-0.020408163,0.048554913,-0.008196721,-0.005512679,-0.007049345
20151221,-0.00872093,0.002309469,0.001626016,0.004347826,0
20151222,0.014577259,0.023127753,0.001589825,0.021344717,0.003009027
20151223,-0.019607843,0,0.009463722,0.003253796,0
20151224,0.008264463,0.009988901,0.0048,0.005434783,0.017786561
20151228,0,-0.007981756,0,0.001086957,0.007843137
20151229,-0.011594203,-0.004602992,0.001615509,-0.001078749,-0.013592233
20151230,0.002898551,-0.003409091,0.008025682,0.003218884,0
20160104,0.031518625,0.012443439,0,0.010504202,0.007889546
20160105,-0.00536193,-0.019318182,-0.02680067,0,-0.009784736
20160106,0.035911602,0,0,0,-0.003984064
20160107,0,-0.010123735,-0.010067114,-0.001044932,-0.001022495
20160108,0,-0.023364486,-0.025641026,-0.015873016,-0.016546019
20160111,0.005221932,0.001187648,0.004846527,0.001057082,-0.001023541
20160112,0.021621622,0.008254717,0.004878049,0,-0.004149378
20160113,-0.002710027,0.024390244,0.004862237,0.017525773,0.006224066
20160114,-0.005509642,0,-0.0272,-0.00617284,-0.022610483
20160115,0.020114943,0.013856813,0,0.001036269,0.005252101
20160118,0.040697674,-0.025345622,-0.03220339,0,-0.021030494
20160119,0.012195122,0.001156069,-0.016778523,0,-0.006403415
20160120,0.018237082,-0.002350176,0.010416667,0,0.006423983
20160121,-0.019354839,0,-0.012867647,-0.008602151,-0.01540154
20160122,-0.006493506,0,0.005524862,0,-0.010663507
20160125,0,0.008413462,0.016363636,0.001074114,0.005827506
20160126,0.003164557,0,-0.01431127,0,-0.007981756
20160127,0.015479876,0.011961722,0.008849558,0.008510638,0.010309278
20160128,-0.00621118,0,0.005128205,-0.001058201,0.011376564
20160129,-0.006410256,0.009389671,-0.005093379,0.004149378,0.002214839
20160201,0.019417476,0.031141869,0.016447368,0.01171875,0.00109529
20160202,0.151125402,-0.027829314,-0.015974441,0,0.00110011
20160203,0.006389776,0.006263048,-0.005059022,-0.007575758,-0.001097695
20160204,0.00330033,0.008273009,0.005119454,0.021428571,-0.007777778
20160205,-0.006451613,0.007633588,0.001626016,0.010830325,-0.003311258
20160211,-0.025889968,-0.013100437,-0.016260163,-0.041509434,-0.026666667
20160212,-0.02027027,0.040336134,0.001485884,-0.007285974,-0.013745704
20160215,0.007352941,0.014678899,0.019400353,0.004,0.004700353
20160216,0.014492754,0.025773196,0.043402778,0.005847953,0.003436426
20160217,0.007194245,0.027350427,0,0.01372549,-0.001128668
20160218,0.007326007,-0.032986111,0.01836394,0.005524862,0.015765766
20160219,-0.014760148,0.022641509,0.003448276,0,0.002232143
20160222,-0.003690037,0.011450382,0.008605852,0.019927536,0.006711409
20160223,0.02189781,0.005660377,0.008474576,0.014760148,0.005537099
20160224,0.017182131,-0.003929273,-0.001658375,0,-0.003322259
20160225,0.013888889,0.005747126,0.00676819,0.011131725,0.014380531
20160226,0,0.027522936,0.032786885,0.016853933,0
20160229,0.013937282,0.014897579,0.014851485,0.005535055,-0.003271538
20160302,-0.034267913,0,-0.001594896,-0.012027491,0.004338395
20160303,0.003030303,0.021978022,0.012678288,0.014010508,0
20160304,-0.003067485,0.009107468,0.006441224,0.00528169,0.010638298
20160307,-0.002898551,0.055267703,0.028037383,0.015025042,0.003121748
20160308,0,0.018272425,-0.00462963,-0.007155635,0.005170631
20160309,0,0.005328597,-0.00798722,0,0.003134796
20160310,0.002967359,-0.008865248,-0.001597444,-0.005628518,-0.002109705
20160311,0.002923977,0.006944444,-0.003169572,-0.005565863,0.002096436
20160314,0.005830904,0.001697793,0.00933126,-0.005524862,0
20160315,0.005847953,0,0,0.001855288,0
20160316,-0.002915452,0,0.01179941,0.007462687,0
20160317,-0.008982036,0.016129032,0,0.005780347,0.005213764
20160318,0.02994012,0.006884682,0.002949853,0.003724395,0.00104712
20160321,0.008746356,-0.005136986,0.004201681,0.007352941,0.026232949
20160322,0,0.001748252,0.014224751,0.001869159,-0.004210526
20160323,-0.002932551,-0.041284404,-0.007052186,0.001821494,-0.006302521
20160324,-0.008474576,0.016949153,-0.005873715,0.003759398,-0.003164557
20160325,0.011594203,0.00172117,-0.005925926,-0.001901141,0.004219409
20160328,0.005882353,-0.001663894,0.014534884,-0.009451796,0.002123142
20160329,0.005899705,0.005110733,0.00443787,0.007532957,0.008385744
20160330,0.011695906,0,0.018335684,0.005576208,0.009375
20160331,0.032448378,0.009917355,0.006993007,0.009225092,0.005170631
20160401,-0.010126582,0.003344482,0,0.001858736,-0.00101626
20160404,0.008,-0.004942339,-0.001445087,0.003766478,0.004016064
20160405,0,-0.001683502,-0.0041841,0,0
20160406,0,0.007079646,0,0,0.007619048
20160407,0.00982801,0.005300353,0.006887052,-0.001831502,-0.005681818
20160408,0,0.005272408,-0.002849003,-0.007462687,0
20160411,0.015037594,0.021089631,0.002967359,-0.005660377,0.016423358
20160412,0,0.012345679,-0.004538578,0,0.010582011
20160414,0.002506266,0.007005254,0.013452915,0.001872659,0.008802817
20160415,-0.004975124,-0.001795332,0,0,0.003395586
20160418,0.005076142,-0.001788909,0,0,0
20160419,0.00257732,-0.005366726,0.004497751,0.001926782,0.013986014
20160420,0,-0.001792115,0,0.007648184,-0.00174216
20160421,0,0,0,0.003868472,0.010273973
20160422,0.01312336,0.009487666,-0.004411765,0.001941748,-0.008503401
20160425,0.002638522,0.010948905,0.017647059,0.019267823,0.001727116
20160426,0.007792208,0.018939394,-0.007352941,0.007518797,0.006872852
20160427,0.0025,-0.001904762,-0.004477612,0,-0.008561644
20160428,0.012722646,0.038240918,0.011976048,0.001838235,0.012367491
20160429,-0.016949153,-0.001919386,0,0.007490637,-0.003448276
20160502,-0.002444988,0,-0.002962963,0,-0.006968641
20160503,-0.005063291,-0.005882353,-0.004545455,0,0.001769912
20160504,-0.010309278,-0.005791506,-0.00149925,-0.003795066,-0.007017544
20160509,-0.007772021,0.001976285,0.013254786,0.003738318,0.007130125
20160510,0.002538071,0,-0.010174419,0.007067138,0.005444646
20160511,0.012468828,0.011605416,0.010028653,-0.013722127,0.001709402
20160512,0.004950495,0,-0.005706134,-0.005181347,0
20160513,0.012468828,0,0.004155125,0.013071895,0.006700168
20160516,0,-0.005813953,0.00622084,-0.010291595,0.006514658
20160517,0.015151515,0.003937008,0.006472492,-0.003571429,0.009933775
20160518,0.005037783,0.001964637,-0.011254019,0.014234875,-0.011494253
20160519,-0.012886598,-0.001035197,-0.005102041,-0.005424955,0.006644518
20160520,-0.016,-0.001025641,0,0.001869159,0.008445946
20160523,0.002695418,-0.006072874,0,-0.007380074,0.004975124
20160524,0,-0.00407332,0.001748252,0,0.005050505
20160525,-0.005434783,0.007399577,0,0.022181146,0.008403361
20160526,-0.002840909,0.001075269,0.022491349,-0.001872659,-0.006666667
20160527,-0.011331445,0.005291005,-0.005136986,-0.007352941,-0.004950495
20160530,0.016666667,0.012269939,0.013289037,0.012345679,0.001675042
20160531,0,-0.007142857,-0.003350084,0.008474576,0.003344482
20160601,0.093240093,0.028513238,0.006655574,0.015100671,0.006633499
20160602,0.028806584,0.011111111,0.004784689,0.011627907,0
20160603,0.097560976,0.020912548,0.016260163,0.022727273,-0.010558069
20160607,-0.020576132,0.00965251,0.0064,0.024709302,0.015082956
20160608,0.006097561,0,0,-0.016783217,0.026033691
20160609,-0.00390625,-0.009708738,0,-0.036390102,-0.00625
20160610,0.007736944,-0.013065327,-0.008389262,0.013412817,0.009630819
20160613,0.007561437,0.002,0,-0.014858841,-0.007911392
20160614,-0.021153846,-0.009202454,0,-0.010719755,-0.008319468
20160615,-0.00625,0,-0.005050505,0.001574803,0.001605136
20160616,-0.006521739,0.009463722,0.001669449,0.011006289,0.004966887
20160617,0,-0.001074114,0.006722689,0.008319468,0.016233766
20160620,0.00896861,0.007534984,-0.005016722,0.008064516,0.006420546
20160621,0.013215859,0.004223865,0.006666667,0.014173228,0.004739336
20160622,-0.006772009,0,-0.015228426,-0.004934211,-0.003154574
20160623,-0.006896552,-0.001031992,-0.013651877,0,0
20160624,0.009389671,0.003167899,0.012195122,0.01320132,0.017571885
20160627,-0.027918782,-0.015730337,-0.052141527,-0.065255732,-0.048333333
20160628,-0.00248139,-0.016853933,-0.003703704,-0.017636684,-0.010033445
20160629,0.014218009,0.007633588,0.003616637,0.01559792,0.009508716
20160630,0.050119332,0.024811219,0.001736111,0.012006861,0
20160701,0.038602941,0.005274262,0.003430532,0,0.009463722
20160704,0.003683241,0.008298755,0,0.001647446,0.007886435
20160705,0,-0.007291667,-0.005172414,0,0.007886435
20160706,-0.011152416,0.002074689,0,-0.006420546,0
20160707,0.009541985,0.001052632,0.001754386,0.003257329,0.010989011
20160708,0.0056926,-0.004153686,0,0.006430868,0.020440252
20160711,0.007827789,0.011351909,0.003552398,0,0.009724473
20160712,0.004048583,-0.003089598,0,0,0.008103728
20160713,-0.005964215,0.072375127,0.015734266,0.0046875,0.003267974
20160714,-0.010141988,-0.004081633,0.001718213,0.007849294,0.009933775
20160715,0,0.001012146,0.027072758,0,0.015
20160718,0.004192872,-0.007186858,0,0.006462036,0.011627907
20160719,-0.002150538,-0.006085193,0.018835616,-0.007849294,0
20160720,0.013071895,-0.002040816,0,0.001587302,0.003344482
20160721,0.021551724,0.013292434,0.001748252,0.09939759,0
20160722,0,-0.003064351,-0.008741259,0.01236476,0.017271157
20160725,0.024691358,0,0.005154639,0.020634921,0.01010101
20160726,-0.002028398,-0.004040404,-0.006944444,-0.004716981,0.011864407
20160727,0.002083333,0,0.001736111,-0.006299213,0.003289474
20160728,0.026030369,0.007092199,0,-0.009615385,0
20160729,0.006493506,0,0,-0.004784689,0.014975042
20160801,0.008403361,0.002020202,0.005102041,0.006420546,0.004893964
20160802,0,0.00201005,0.006825939,0.00317965,0
20160803,0.008064516,0.003968254,0.006837607,0.001582278,-0.006557377
20160804,0.024074074,-0.002008032,0.008403361,0,0.015025042
20160805,-0.005524862,0.01183432,0.006677796,0.001594896,0.007788162
20160808,0.015238095,0.00591716,0,0.00623053,0.001536098
20160809,-0.018367347,-0.003006012,-0.008347245,0.004716981,0.00155521
20160810,0,0,0,-0.004724409,0
20160811,0.012474012,-0.004,-0.003378378,0.004702194,0.007911392
20160812,0.017964072,0.001972387,0,0.00466563,0.003067485
20160816,-0.001972387,0,-0.008417508,-0.0015625,0.010769231
20160817,-0.004264392,-0.008080808,-0.016835017,-0.007800312,-0.003034901
20160818,0.008791209,-0.009146341,0,-0.001574803,0.001550388
20160819,0.002145923,-0.006097561,0,-0.007961783,0.00152439
20160822,0.00862069,0,0.003571429,0.001636661,-0.001560062
20160823,-0.006479482,-0.002074689,-0.014545455,0.008278146,0.006319115
20160824,-0.006535948,-0.004158004,0,-0.003267974,0.007716049
20160825,0.006637168,-0.007438895,0,0,-0.003120125
20160826,-0.006622517,0,-0.001814882,0,0.003154574
20160829,-0.013392857,-0.012578616,-0.012280702,-0.00974026,-0.003241491
20160830,-0.002352941,0,0,0,0.003311258
20160831,0,0.004357298,-0.003623188,0,0.009950249
20160901,0,-0.013143483,-0.001808318,-0.011513158,0.003327787
20160902,0,0,-0.010791367,0.003289474,-0.003278689
20160905,0.022222222,0,0.001792115,0.001626016,0.001636661
20160906,0.015555556,0.001041667,-0.007017544,0.006369427,0
20160907,0.015418502,0.015166835,0.005199307,0.009389671,0.005033557
20160908,0.002252252,0.002059732,0.012195122,0,0
20160909,0.011792453,0,-0.007104796,0,-0.001703578
20160912,-0.031026253,-0.02991453,-0.021238938,-0.011513158,-0.027303754
20160913,-0.004842615,-0.006410256,0,0.001666667,0.020761246
20160919,0.002369668,0,-0.007054674,0,0
20160920,0.011848341,0.021989529,-0.003521127,-0.001633987,-0.001730104
20160921,-0.007058824,0.011422638,0.006968641,0.009493671,0
20160922,0.002352941,-0.004081633,0.006896552,0,0.008665511
20160923,0,0.009118541,0,-0.004724409,0.005154639
20160926,-0.004750594,0.005117707,0.003472222,0.003159558,-0.003442341
20160927,0.078895464,0,-0.00676819,0.00625,-0.008710801
20160928,0.011881188,0.002008032,0.006825939,0.004709576,0.003508772
20160929,0.015841584,0,-0.001642036,0.006269592,0.007067138
20160930,-0.018036072,0.003039514,-0.011254019,-0.007911392,0
20161004,0.053719008,0.007186858,0,0,-0.001751313
20161005,0.022257552,0,0.022690438,-0.002989537,-0.010471204
20161006,-0.047987616,0,0.008143322,0.008995502,0.001757469
20161007,0.00777605,0.007707129,0,0,0.001792115
20161010,-0.046901173,0.005769231,-0.009836066,-0.012326656,-0.010948905
20161011,-0.017828201,0,0.004918033,0,0.005347594
20161012,-0.014240506,0.003968254,-0.013114754,0.003067485,-0.007042254
20161013,0,0.003891051,0.004926108,-0.00304414,0
20161014,0.004815409,0,-0.006666667,0.010819165,-0.001724138
20161017,0,0,-0.006633499,0,0
20161018,0,0,0.00331675,0,0
20161019,0.006389776,0.001968504,0,0.0015625,0.003389831
20161020,-0.006349206,0.001005025,0.00170068,0,-0.00170068
20161021,-0.016233766,0.007021063,0,0.0032,0
20161024,0.001785714,-0.006060606,0,0,0.001736111
20161025,0.005586592,-0.018292683,0,-0.001644737,-0.003389831
20161026,0,0,-0.005217391,0,-0.008605852
20161027,-0.010733453,0,-0.024734982,-0.009836066,0.017482517
20161028,0,0.007179487,0.013937282,0.001639344,0
20161031,0.010526316,-0.011351909,-0.006968641,-0.009884679,0
20161101,0,-0.02771855,0,-0.020761246,0.006980803
20161102,-0.02828619,-0.002109705,-0.003460208,-0.006861063,-0.001724138
20161103,-0.016666667,-0.036383682,-0.009025271,-0.031078611,-0.016157989
20161104,0.013133208,-0.009009009,-0.016129032,-0.007067138,0.001801802
20161107,0,0.029082774,0.007259528,0.003508772,0.01459854
20161108,0.005758157,-0.01371308,0,0.003355705,0.008944544
20161109,-0.015151515,0,0.007155635,0.001686341,0.017889088
20161110,0.016949153,0.004347826,0.001869159,0.012389381,0.027522936
20161111,-0.004123711,0.010706638,-0.003656307,0.010362694,-0.006980803
20161114,-0.014,0,0.005385996,0.011864407,0.008944544
20161115,0,0.001038422,0,-0.016863406,-0.003616637
20161116,0.006410256,0,0.009276438,0,0.010714286
20161117,0.021186441,0,0,0,0
20161118,0.020325203,-0.006079027,0.008833922,0,0
20161121,0.0041841,0.021276596,0.08245614,0.00681431,-0.00173913
20161122,0.006622517,0,-0.018691589,0.001692047,0.003521127
20161123,0.020501139,0.018,0.067547724,0.003372681,0.010471204
20161124,0.002314815,-0.003070624,0.011695906,-0.003490401,0.008896797
20161125,-0.223809524,0,0.004431315,-0.007029877,0
20161128,0.01754386,-0.011156187,-0.032432432,0.003508772,0.010695187
20161129,0,-0.010224949,0.008522727,-0.012280702,-0.003597122
20161130,-0.006024096,-0.001044932,0.00591716,-0.003546099,0.005424955
20161201,-0.017699115,-0.001044932,-0.014749263,-0.001760563,0
20161202,0,-0.016393443,0.015384615,-0.003558719,-0.001855288
20161205,-0.01875,-0.009414226,0.004497751,-0.005424955,0.013059701
20161206,0.009584665,0.006493506,-0.009508716,-0.001841621,-0.009689922
20161207,0.01875,-0.006417112,-0.016949153,0,0.015180266
20161208,-0.019354839,-0.005347594,0.016528926,0,0.013157895
20161209,0,0,-0.011345219,0.001828154,-0.005576208
20161212,0,0.002068252,0.016155089,0,0.00929368
20161213,0.01875,0,0.014729951,0,-0.001838235
20161214,0.0125,0.002047083,0.014263074,-0.005291005,0.005474453
20161215,0.003115265,-0.002038736,0.064516129,0,-0.003642987
20161216,0.005988024,0.016326531,0.038575668,0,0.007104796
20161219,0.016393443,0.013779528,-0.006963788,-0.001733102,0.001776199
20161220,0.0225,-0.001988072,-0.001449275,-0.003424658,0
20161221,0.035555556,0.007797271,-0.001490313,-0.006837607,0.007079646
20161222,0.004694836,0.009803922,0.035928144,0.003436426,0.005338078
20161223,-0.046683047,0.005015045,-0.011164274,0,0
20161226,0.01010101,-0.005769231,0.004709576,-0.005145798,0.007092199
20161227,0,0.005882353,-0.004761905,0,0.005347594
20161228,0.053164557,-0.011650485,-0.003189793,0,-0.003597122
20161229,0.022727273,0,-0.0015625,-0.001715266,-0.006968641
20170102,0.03125,0.009633911,0,0.005128205,-0.005190311
20170103,0.018918919,0.005791506,-0.003262643,0.010291595,0.001730104
20170104,0.002590674,0.003766478,-0.001607717,0.009966777,0.001730104
20170105,0.020460358,0.005660377,0.001620746,0.003338898,-0.003430532
20170106,0.00255102,-0.003853565,0.008025682,0.003389831,-0.00172117
20170109,0,0,0,-0.005042017,0
20170110,0,0.001988072,0.008064516,-0.005016722,-0.001766784
20170111,-0.020887728,0,-0.004862237,-0.010016694,0.021505376
20170112,0,0,0.003241491,0.003355705,0.005181347
20170113,0,0,0.003333333,-0.001680672,0.006745363
20170116,-0.002762431,-0.003960396,0.003401361,0.006677796,0.005050505
20170117,0.002739726,-0.001988072,-0.006825939,-0.006688963,-0.003378378
20170118,0.005291005,0.003921569,-0.005110733,0.001672241,-0.00173913
20170119,0.007936508,0.00952381,0.005102041,0.006666667,0.005263158
20170120,-0.005376344,-0.003838772,-0.005145798,-0.004934211,0
20170123,-0.025495751,-0.009259259,0.001724138,0,0.001751313
20170124,0,-0.003787879,-0.007092199,0.008196721,0.003508772
20170125,0.006097561,-0.003676471,0.003558719,0.008196721,0.010582011
20170126,0.00625,0.011173184,0,0,0.008802817
20170131,0.015060241,-0.00929368,-0.012173913,0.008169935,-0.012216405
20170201,0.006097561,0.003766478,0.001727116,0.003267974,-0.005244755
20170202,-0.060869565,0.003703704,-0.005154639,-0.008103728,0.005172414
20170203,0,0.007561437,-0.003521127,0,0.003490401
20170206,0,0.007604563,0.01754386,0,0
20170207,-0.00308642,0.003759398,0,0,0
20170208,0.0125,0.001893939,0.003478261,0,-0.007067138
20170209,0,0,0.012216405,0.004983389,0
20170210,0.009433962,0.001818182,0.003460208,0,0.003584229
20170213,0.003039514,-0.007181329,0.003472222,0.008403361,-0.007067138
20170214,-0.041009464,0.016423358,0,0,0.00174216
20170215,-0.006389776,-0.010810811,0,0.001672241,0
20170216,0.006369427,0.001814882,0.001709402,0.009966777,0.003490401
20170217,-0.009287926,-0.010733453,0,0,0
20170220,0.0125,0,0.008547009,0.004934211,0.011925043
20170221,0.011940299,-0.008976661,0,0.006557377,-0.003231018
20170222,0,0.003603604,0,0.003289474,-0.003257329
20170223,-0.005988024,0.001792115,0.00676819,-0.004942339,0
20170224,-0.012307692,-0.003521127,0.001686341,0,-0.007949126
20170227,0,0.012302285,0,0,0.004769475
20170228,0.012539185,0.001769912,-0.005067568,0.001683502,0
20170302,-0.018518519,-0.003703704,-0.006779661,0,0.006472492
20170303,-0.012779553,0.003703704,-0.005163511,0,0
20170306,-0.013114754,-0.014760148,-0.007042254,-0.001712329,0.008143322
20170307,0.003344482,-0.007380074,-0.014134276,0,-0.008038585
20170308,0.00330033,0.001824818,0.005163511,-0.001712329,0.003205128
20170309,0.02006689,0,-0.006884682,0,0.001577287
20170310,0.051612903,0,-0.012068966,0.003389831,0.007961783
20170313,0.003205128,0.003656307,0.003436426,0.008417508,0.006299213
20170314,0.015673981,0,-0.005145798,0.00331675,0.004716981
20170315,0,0,0,0,0
20170316,0,0.003629764,0,-0.00676819,0.007751938
20170317,0.009287926,0.008818342,0,0.010050251,-0.004608295
20170320,0.015479876,0.014035088,0.005154639,0.015025042,0.010802469
20170321,0,0,-0.003424658,0.001633987,0.005970149
20170322,-0.012539185,-0.018018018,0,-0.019077901,0.004497751
20170323,-0.006451613,0.003663004,-0.001724138,0,0.002994012
20170324,0.009259259,0.011029412,-0.005263158,-0.011128776,0.005925926
20170327,-0.003115265,0.001824818,0,0,0.008915305
20170328,0,0.001858736,-0.00877193,0,0.004559271
20170329,-0.032171582,0.003584229,0,-0.009230769,0.00433526
20170330,0.030726257,0,0.007029877,0.003164557,0.001443001
20170331,0.002695418,0,0,-0.00308642,0.004285714
20170403,0.026041667,0,-0.008710801,0.012345679,0.012693935
20170404,0.024752475,0.005671078,0.006884682,0.004594181,0.005509642
20170405,0.01010101,0.001862197,-0.001623377,0.015649452,0
20170406,0.007936508,0.003738318,-0.003252033,0.006116208,0.001385042
20170407,-0.007894737,-0.001848429,-0.004807692,0.013215859,0.004137931
20170410,0.238961039,0.036297641,0.062200957,0.116005874,-0.005610098
20170411,-0.007653061,0.012173913,-0.006557377,-0.015421115,0.001424501
20170412,0.008042895,0.066777963,0.028333333,-0.020761246,0
20170413,0.016666667,0.022727273,0.010152284,0.0225,0.00284495
20170414,-0.002724796,0,0,-0.030100334,-0.005681818
20170417,0.005714286,0.008361204,0.006908463,0.011235955,0.017621145
20170418,0.066860465,0.017094017,0.003442341,0.005512679,0.011126565
20170419,0.013812155,0,-0.003333333,-0.010526316,-0.008298755
20170420,0.002816901,0.004918033,0,0.038135593,-0.001410437
20170421,0.00862069,0.005076142,0,0.015086207,0.008498584
20170424,0,-0.003466205,-0.003436426,-0.031049251,0.001424501
20170425,-0.008928571,0.011009174,0,0.008187135,0.005681818
20170426,0,0.003597122,0,0.028735632,0.004231312
20170427,0.009230769,0.00907441,0.010362694,0,0
20170428,0,0.005484461,-0.00173913,0.008293839,0.005797101
20170502,0.00617284,0.009208103,0.008710801,0.020524515,-0.001457726
20170504,-0.012618297,0.003629764,0.026132404,0.024038462,-0.005763689
20170508,0.050314465,0.084990958,0.039655172,0.169082126,0.011544012
20170510,0.006116208,-0.008305648,0,-0.011152416,0.007163324
20170511,-0.00621118,0.001724138,-0.001605136,0,0.001449275
20170512,0,0.001703578,0.015923567,-0.036363636,0.005657709
20170515,0.003012048,-0.003508772,-0.008038585,0.004016064,0.002828854
20170516,0.02266289,0,0.008183306,-0.016,0
20170517,0.00286533,-0.003577818,0,0.028688525,0.004037685
20170518,0,-0.016393443,-0.013333333,0.009569378,-0.018817204
20170519,-0.015015015,-0.003724395,-0.001680672,0,-0.001367989
20170522,0.027272727,0,0.004966887,-0.020449898,0.006849315
20170523,0,0.001876173,0.003305785,-0.006479482,0.006802721
20170524,0,0.007462687,0.001644737,0.028969957,0.002642008
20170525,0,0,-0.003305785,0.004459309,0.004
20170526,-0.006309148,-0.001897533,0,0,-0.001328021
20170529,0.003076923,0.011385199,0.014754098,0.024444444,-0.001364256
20170530,0,0,0.008130081,0.014557671,0
20170531,-0.00617284,0,0,0.001152074,0.004081633
20170601,0,0.003898635,0,0.001164144,0.002754821
20170602,-0.009287926,0.007843137,0.006472492,0.004561003,0.010512484
20170605,0.009345794,0.011764706,0.024630542,0.006993007,-0.00131406
20170607,0.003012048,0.007722008,0.008210181,0.002344666,0.005291005
20170608,-0.003067485,0.007707129,-0.003284072,0.001132503,0
20170609,-0.015822785,0.003875969,-0.004918033,0,0.001270648
20170612,-0.012944984,0,0.004823151,-0.006696429,-0.007633588
20170613,0,-0.005964215,0.01147541,0,-0.002560819
20170614,0,0,0.006557377,0.003480278,0.002547771
20170615,-0.010169492,0.002,-0.001650165,0,-0.005121639
20170616,0,0.002016129,0.006655574,0.016887817,0.005108557
20170619,-0.003401361,0.007952286,0.001663894,0.009153318,0
20170620,0,0,-0.006666667,0,-0.002587322
20170621,0,0.002040816,0,-0.001257862,-0.007772021
20170622,-0.007326007,0.007194245,0,-0.001254705,0.003963012
20170623,-0.007246377,-0.008213552,-0.008547009,0,0.01212938
20170626,0.00729927,0,0.005163511,-0.003671971,-0.003931848
20170627,-0.014705882,0,0,0,-0.002587322
20170628,0,0,0,0.006067961,-0.010484928
20170629,0,0.001015228,0,0.004854369,0.013368984
20170630,-0.014925373,-0.004048583,-0.005119454,-0.00365408,-0.008042895
20170703,-0.007518797,0.00605449,-0.006756757,-0.014778325,0
20170704,-0.019011407,-0.007099391,0.006779661,0.00621118,0
20170705,0,-0.005102041,-0.003436426,0.002570694,0
20170706,0.01171875,-0.00203252,0,-0.00635324,0.026954178
20170707,0,-0.007056452,-0.001694915,0.010126582,-0.005326232
20170710,0.01171875,0.001001001,-0.008517888,0,-0.00669344
20170711,-0.011857708,0,-0.005181347,-0.003792668,0.002677376
20170712,0,-0.00304878,-0.010434783,0,0.002645503
20170713,0.003952569,-0.001014199,0.005300353,0,0.009247028
20170714,-0.003937008,0.003070624,-0.012173913,0.001305483,0.00669344
20170717,0,0.001034126,0,0,0
20170718,0.007518797,-0.005230126,0,-0.007822686,-0.010309278
20170719,0.003623188,0,-0.003571429,-0.007832898,0.010204082
20170720,0.003636364,0.00104712,0.003539823,0,0.004385965
20170721,0,0.008247423,-0.006944444,0.005050505,0.005714286
20170724,0.010830325,-0.005175983,-0.003466205,0,0.00286533
20170725,0.003597122,-0.005181347,0,-0.002554278,-0.001447178
20170726,0,0.001041667,-0.005235602,0.007751938,0.005873715
20170727,-0.015209125,-0.004149378,0,-0.00130719,0.006042296
20170728,0,-0.003030303,-0.006993007,-0.002617801,-0.003007519
20170731,0,0.006224066,-0.010733453,-0.005449591,-0.003039514
20170801,0,0,0,-0.012482663,-0.003115265
20170802,0,-0.002081165,0,-0.0066313,0.001519757
20170803,-0.003610108,-0.001033058,0.001769912,-0.005121639,0.010574018
20170804,-0.022058824,0.005285412,-0.005405405,0.010362694,0.001569859
20170807,0.003816794,0,0,0.018963338,0.0015625
20170808,0.015267176,0,-0.003590664,0.002444988,0
20170809,0.026923077,0.002085506,-0.005385996,0.003708282,-0.013719512
20170810,0,-0.009473684,0,0.011335013,-0.007739938
20170811,-0.011904762,-0.003181336,-0.016363636,-0.020698577,-0.014218009
20170814,-0.016129032,-0.014893617,-0.028037383,0.001254705,0.00952381
20170816,0.003921569,-0.002166847,0,-0.005076142,0.004731861
20170817,0,-0.002145923,0,-0.010152284,0.004792332
20170818,0,-0.00106383,-0.02189781,-0.006329114,-0.010971787
20170821,0.007843137,0.001051525,0.012891344,-0.003680982,0
20170822,0.003846154,-0.001051525,0.008944544,-0.001194743,0
20170823,0,0,-0.005338078,0,0.009538951
20170824,0.007936508,-0.004237288,0.007207207,0.007211538,0.00755287
20170825,0,0.001064963,-0.007104796,-0.00241838,0.004573171
20170828,0,0.00845666,0.007104796,0.021566402,0.004608295
20170829,-0.0078125,-0.008483563,-0.005319149,0,-0.003058104
20170830,0,-0.003188098,0.007092199,0.010089686,0.00462963
20170831,-0.003831418,0.002132196,0,0.002227171,0.002962963
20170901,0.007662835,0.006382979,0,0.001081081,0.004531722
20170904,-0.037878788,-0.020746888,-0.026362039,-0.030864198,-0.038404727
20170905,0.007782101,0,0.003496503,0.006309148,0.009118541
20170906,0.007843137,0,-0.010582011,0.004214963,0.001552795
20170907,0.003921569,0,0.001779359,0.015075377,0.00310559
20170908,0.007782101,0.010162602,0,0.02970297,0
20170911,0.015625,-0.002066116,0.00528169,0.00952381,-0.001579779
20170912,0.007434944,0.001014199,0,-0.004716981,0.00624025
20170913,0,0,0.008849558,0.004761905,0
20170914,0,0.005076142,-0.005338078,-0.001,0.012605042
20170915,-0.003436426,0.002012072,-0.005309735,-0.015075377,0.011049724
20170918,0.010169492,0.004024145,0,0.019512195,0.030136986
20170919,-0.003412969,0.005035247,0.017301038,0.009259259,-0.002721088
20170920,0.010169492,-0.003944773,0.006932409,-0.013274336,0.005420054
20170921,0,0.001980198,-0.003508772,0.004545455,0
20170922,-0.010830325,0,0,0,0.015895954
20170925,-0.007380074,0.009174312,0,0.030567686,0.019345238
20170926,0,-0.017489712,-0.042750929,0.004366812,-0.014749263
20170927,-0.003623188,0.001036269,0,0.01793722,0.00149925
20170928,0.00729927,-0.004098361,0,-0.004484305,0.005997001
20170929,-0.003649635,0,0,0,0.004444444
20171010,-0.003690037,0.001012146,0.001798561,0.00913242,0.011976048
20171011,0.007575758,-0.006134969,-0.009259259,-0.009708738,0.003003003
20171012,0,0.00305499,0,0.013274336,0.008823529
20171013,0.007604563,0,0.005484461,-0.013043478,0.005813953
20171016,0.003831418,-0.008179959,0,0,0.002941176
20171017,-0.003831418,0.001038422,0,-0.018691589,0
20171018,-0.007575758,0,0,0,-0.001470588
20171019,0,0,-0.010948905,0,0.003030303
20171020,-0.008,0,0,0.004901961,0.00148368
20171023,0.011952191,0.003108808,0,-0.004739336,0.007496252
20171024,0.012,0.003108808,0.001824818,-0.004854369,0.011887073
20171025,0,-0.00204918,0,0,0.011379801
20171026,0.011764706,0.006147541,0.011049724,0.018867925,0.005738881
20171027,-0.003968254,0.00408998,0,0,0.007122507
20171030,-0.003921569,0.003061224,0.011070111,0,0.011173184
20171031,0,0.00203666,-0.001841621,-0.009852217,0.007002801
20171101,-0.003952569,0,0.003669725,0.009708738,0.00284495
20171102,0,0,0,0,0
20171103,0,0.007121058,-0.001848429,0,0.001371742
20171106,0,0,0,-0.014423077,0.001367989
20171107,0,-0.00498008,0.001831502,-0.00952381,0.010914052
20171108,0,-0.005964215,0.001818182,0.014354067,0.002699055
20171109,0.007722008,0.003968254,0.007117438,0.018518519,0
20171110,0.003937008,-0.005905512,-0.007067138,-0.004484305,-0.00132626
20171113,0.01171875,-0.007905138,0.008756567,-0.012605042,0.003963012
20171114,0.022556391,0.001984127,0.001745201,-0.008,0.014511873
20171115,0,0,0.010638298,-0.012295082,-0.004065041
20171116,-0.007905138,0,0.010544815,-0.013043478,0.007792208
20171117,0,0.003944773,0.007029877,0.004237288,-0.005194805
20171120,0,0.005964215,0.027923211,0.008888889,0
20171121,-0.003984064,-0.005905512,-0.005102041,-0.004219409,0.008
20171122,-0.004032258,-0.001988072,0.012006861,0.004255319,0.00400534
20171123,0.008298755,0,-0.006896552,0.020746888,0.018963338
20171124,0.004115226,0,-0.006837607,0.008,0.005050505
20171127,0,0.001964637,-0.008547009,0.027237354,0.004784689
20171128,0.004081633,0,0.006633499,0,0.005973716
20171129,0.004081633,0.007797271,-0.010084034,0.003816794,0.003712871
20171130,-0.004115226,0.013645224,0.013355593,0,-0.006150062
20171201,0,-0.001953125,0,0,0.013664596
20171204,0.025,0,0,0.007722008,-0.007255139
20171205,0,-0.005870841,-0.001677852,-0.015384615,-0.006038647
20171206,-0.004115226,0,0.006722689,-0.004016064,0.004848485
20171207,0,0,0.008576329,-0.008,0.00621118
20171208,0,0,0,-0.016393443,-0.003703704
20171211,0.004504505,-0.001002004,0,-0.004166667,0.011597938
20171212,0.004504505,-0.001002004,-0.00862069,0,0.00618047
20171213,0,0,0,-0.008130081,0
20171214,0,-0.001980198,0.005199307,0,0.008663366
20171215,-0.004504505,0,0,0.003921569,0.005
20171218,-0.016806723,-0.005940594,-0.005172414,-0.004,-0.012345679
20171219,0.013100437,0,0,-0.008333333,0.011378003
20171220,0,0.005005005,-0.003496503,0,0.003778338
20171221,-0.013574661,-0.002006018,-0.003225806,-0.012552301,-0.003759398
20171222,-0.004784689,-0.004008016,-0.013157895,0.008583691,0
20171226,0.004975124,0.001992032,0.008025682,0.008230453,0.004968944
20171227,0,-0.003937008,-0.006420546,0.0041841,0.011180124
20171228,-0.004950495,-0.001984127,0,0.024390244,0.007185629
20180102,-0.002,0.003929273,0,0.041984733,0.008383234
20180103,0.009615385,0.003875969,0.009569378,0.007194245,0
20180104,0.009302326,0,-0.006389776,0.029900332,0.009411765
20180105,0.009259259,-0.003787879,0.010719755,-0.003389831,0.001216545
20180108,0.004651163,0.005639098,0.010542169,0.006024096,0.001204819
20180109,0.014423077,0,0.00896861,0,0.00617284
20180110,0.013953488,0.001949318,0.006079027,0,0.002466091
20180111,0,0.001879699,0.004411765,-0.002832861,0
20180112,0.004504505,0.003752345,0.008658009,0.008595989,0
20180115,0.031390135,0.045283019,0.023426061,0.117647059,0.006090134
20180116,0.004255319,0,0.010248902,0,0.011312217
20180117,0.059574468,0.011385199,0.010447761,0.041791045,0.004390779
20180118,0,0.014760148,0.006954103,0.005847953,0.01210121
20180119,0,-0.009225092,0.01226158,-0.003021148,0.00326087
20180122,0.004149378,0.001855288,0,0,0.008686211
20180123,0,0,-0.002649007,0.009404389,0.001082251
20180124,-0.008438819,0,0.012903226,0,0.006493506
20180125,0.004132231,0,-0.003891051,0.017804154,0
20180126,-0.008368201,0,0.014511873,0,0.013978495
20180129,0,0.005535055,0.020806242,0.002785515,0
20180130,0,0,0.006535948,0.002808989,-0.005488474
20180131,0,-0.009174312,0.00390625,-0.005714286,0.001121076
20180201,0,-0.005464481,0.026957638,0.005555556,0.00660793
20180202,0,0.005434783,0.003811944,-0.005649718,0
20180205,0,-0.014678899,0,-0.037790698,-0.031385281
20180206,0,-0.037950664,-0.039215686,-0.057057057,-0.043035108
20180207,0,-0.003809524,0.033766234,0.024615385,0.017321016
20180208,0,-0.003831418,0.002628121,0.039877301,0
20180209,0,-0.021113244,-0.001295337,-0.03539823,-0.033526012
20180212,0,0,0.025099075,-0.00872093,0.014251781
20180213,0,0.001915709,0.017060367,0.014836795,0.011820331
20180214,0,-0.001930502,0,0.006060606,0.002406739
20180219,0,0.005736138,0.051157125,0.020588235,0.005952381
20180220,0,0.003766478,0,-0.005813953,0.004634994
20180221,0,0.003752345,-0.003405221,-0.007978723,0.00118624
20180222,0,0,0,-0.015665796,-0.002339181
20180223,0,0,0.005636979,0.015544041,0.004705882
20180226,0,0,0,-0.002590674,-0.039906103
20180227,0,0.011070111,0.011248594,-0.002680965,0.020512821
20180228,0,0,0.014823261,-0.007915567,0
20180302,0,-0.001865672,0,-0.015706806,-0.016645327
20180305,0,-0.005576208,0.01783591,0.002544529,0
20180306,1.70292887,0.003846154,0,0.011299435,0.015789474
20180307,0,0.001893939,0.011655012,0.005555556,0.004993758
20180308,0.007168459,0.01532567,-0.00117096,0.002881844,0.007537688
20180309,-0.003389831,-0.0056926,0.018348624,-0.005509642,0.00250941
20180312,0.029801325,0.005586592,0.012716763,0.016620499,0.003592814
20180313,0.012403101,0.001865672,0.008235294,0.010666667,0
20180314,-0.007824726,-0.010869565,-0.002361275,0,-0.008505468
20180315,0.016666667,-0.007272727,0.0094451,0.002747253,0
20180316,0.001536098,0.005454545,0.006002401,0.005555556,0.007326007
20180319,0.006125574,0,0,-0.002762431,-0.003680982
20180320,-0.007751938,-0.001841621,0,0,-0.009925558
20180321,0.010954617,0,0.003712871,0.014084507,-0.001248439
20180322,-0.0046875,0.003597122,0.011042945,0.005509642,0.00754717
20180323,0,-0.01754386,-0.008652658,-0.024590164,-0.02375
20180326,0.098387097,0.073394495,0.034928849,0.090140845,-0.006622517
20180327,0.033377837,0.026548673,0,0.025352113,0.003870968
20180328,0.018691589,0.012544803,0,0.016901408,-0.016709512
20180329,0.010362694,0.001811594,0.008547009,0.010899183,0.005121639
20180330,0,0,0.01627907,0,0.00255102
20180402,-0.004076087,-0.009009009,0,0.002857143,-0.014102564
20180403,-0.189265537,-0.009328358,0,-0.021212121,-0.007772021
20180404,-0.003389831,0.003809524,0.013496933,-0.012307692,0
20180405,0.007168459,0.003853565,-0.011235955,0.006410256,0.009222661
20180406,0,0.003795066,0.006067961,0.009345794,0.001315789
20180409,0.008787346,-0.011214953,0,-0.018072289,-0.009150327
20180410,0,-0.001886792,0.011764706,-0.00621118,0.001324503
20180411,0.010791367,0,0.003562945,0.012345679,0.010652463
20180412,0,0,0.00942285,0,0
20180413,0.005504587,0.007648184,0.005959476,-0.003134796,0.013513514
20180416,0.007246377,0.009578544,0.003456221,0.00931677,-0.005369128
20180417,0.003597122,-0.001919386,0.004581901,0.012345679,0.001335113
20180418,0.005319149,0.003861004,0,0.006024096,0.003963012
20180419,-0.005309735,0,0,-0.003058104,-0.00400534
20180420,0.012048193,-0.00390625,0.005767013,0.009584665,0
20180423,-0.003478261,-0.003921569,0.010344828,-0.006514658,0.001345895
20180424,0.001766784,0.003021148,-0.011520737,-0.003436426,0.006570302
20180425,0,-0.007063572,-0.008187135,-0.003460208,-0.036290323
20180426,0,0.002016129,-0.064516129,0.013986014,-0.004411765
20180427,-0.007207207,0.002020202,0,0,0.007194245
20180430,0,-0.004052685,-0.011506276,-0.003546099,0.007142857
20180502,-0.003533569,-0.002057613,-0.023354565,-0.003731343,0.001424501
20180503,0,0,0.001066098,-0.013888889,0.027894003
20180504,0,-0.00502008,0.010764263,-0.016835017,0
20180508,0.038394415,-0.00204499,-0.001072961,-0.014084507,0.002785515
20180509,0.003294893,-0.006315789,0.015283843,0,0
20180510,-0.001675042,-0.003171247,0.00770077,0,0
20180511,0.005128205,0,0.009463722,0,0
20180514,-0.016863406,0.001029866,0.004171011,0.007117438,0
20180515,-0.061962134,-0.009183673,0.001043841,0,0.001408451
20180516,-0.005671078,0,-0.009384776,-0.02189781,0.00284495
20180517,0.001912046,0.006198347,0.019874477,-0.003759398,0.002890173
20180518,0.011516315,0,0.014659686,-0.003787879,0.009536785
20180521,0,0.00617284,0.007099391,0.018450185,0.00135318
20180523,0,-0.005149331,0.01,0.0078125,0.002766252
20180524,0.007604563,0.008290155,0,0.003846154,0.005532503
20180525,0.001893939,-0.004158004,-0.01,-0.026923077,-0.019690577
20180528,0,0.005291005,0.011011011,-0.003937008,0.019971469
20180529,0.015414258,0,0.015075377,0,0.007002801
20180530,0.020446097,0,0.013104839,0.007575758,-0.009873061
20180531,0.001821494,0.009782609,0.014198783,0.016,0.008608321
20180601,0.001862197,0.005405405,0.018329939,-0.003984064,-0.005673759
20180604,0.007619048,-0.002162162,-0.00101833,0.011811024,0
20180605,-0.007905138,0.004296455,0.025,0,0.012693935
20180607,0.004098361,0.001076426,0.014778325,0.00390625,0.007032349
20180608,-0.008213552,0.004219409,0.018604651,-0.00729927,0.006877579
20180611,0,0.001058201,0.023474178,0,0.0027894
20180612,0,-0.006329114,0,-0.003676471,0
20180614,0.018367347,0.002120891,0.023584906,-0.011029412,0
20180615,0,-0.005359057,0,-0.007407407,0.001412429
20180618,0.004149378,-0.005393743,0.012024048,-0.007142857,-0.005698006
20180619,0.002188184,-0.002217295,0.008213552,-0.010948905,0
20180620,0.009174312,-0.012457531,0.016684046,-0.007220217,-0.013636364
20180621,-0.004587156,0,0.009756098,0,0.001481481
20180622,0.007425743,-0.004524887,0.01,-0.014234875,-0.003062787
20180625,-0.009975062,0,0.02,-0.010752688,0.001519757
20180626,-0.019512195,-0.012731481,0,0,-0.016129032
20180627,-0.012315271,0,0.009950249,0,0.00148368
20180628,-0.01754386,0,0.005,-0.006756757,0.004477612
20180629,0.022556391,-0.010465116,0.003033367,-0.006711409,0.023460411
20180702,0.010126582,0,0.002020202,0.013114754,0.007342144
20180703,0.018567639,-0.008353222,-0.008333333,-0.006734007,0.001515152
20180704,0.033766234,-0.013033175,0.012698413,-0.010273973,0.005891016
20180705,-0.007712082,0.002369668,0.007070707,-0.010273973,0.008498584
20180706,0.021220159,0.002466091,0.015151515,0.027972028,0.00286123
20180709,0.015625,-0.069427527,0,-0.014134276,-0.01
20180710,0.005263158,0.025787966,0.006036217,-0.003717472,0.008534851
20180711,-0.002624672,0,0,-0.003597122,0
20180712,0.015544041,0,0.009852217,-0.014084507,0
20180713,-0.004962779,0,0,-0.00990099,0.008474576
20180716,0.007389163,0,0.039408867,-0.012820513,0.002773925
20180717,-0.054726368,0.004016064,0,0,0
20180718,0.002638522,0,0.015,0,0.002773925
20180719,-0.002624672,-0.001347709,0.015228426,0,0.010943912
20180720,0.002673797,0,0.014242116,-0.006269592,-0.005532503
20180723,0,0.001420455,0.006134969,0,0.004143646
20180724,-0.00297619,-0.001438849,0.001060445,-0.012820513,0.008391608
20180725,0,-0.004279601,0.02217529,-0.003246753,-0.054794521
20180726,0.00887574,-0.002898551,0.010438413,-0.016286645,0.003273322
20180727,-0.005847953,0,0.014507772,0,0.003225806
20180730,-0.016574586,0.002721088,0.011351909,0,0
20180731,-0.010810811,0,0.0125,0,0.00755287
20180801,0,-0.099206349,0.018848168,0.01618123,0.00728863
20180802,0,0,0.007099391,0.009375,0
20180803,-0.002666667,0.009063444,0.011167513,0,0.004392387
20180806,0,0.002915452,0.006036217,0,0.011644833
20180807,0.010638298,0.01161103,0.003009027,0.012658228,0.002941176
20180808,0.016172507,0.01754386,-0.001004016,0.012738854,-0.004360465
20180809,0.005235602,0.016176471,0.005030181,0.006389776,0
20180810,0.007894737,0.020802377,0.00201005,0,-0.016320475
20180813,-0.020737327,0,0.005045409,0,-0.010416667
20180814,0,0,0.009146341,0,0.007716049
20180816,0,-0.009202454,0.007157464,0,-0.007621951
20180817,0.00952381,0,0,0.010238908,0.009118541
20180820,0,0,0.007201646,0,0.007496252
20180821,0.006944444,0,0.006217617,-0.009868421,0
20180822,-0.00462963,0.00154321,0,-0.009646302,0.00297619
20180823,0.004672897,0.001545595,0.007423118,0.006451613,-0.001519757
20180824,0.004819277,-0.001587302,0,-0.009677419,-0.005988024
20180827,0.002369668,0,0.009193054,0,-0.004524887
20180828,0.011415525,0,0.015,0.006451613,0.010590015
20180829,0.013824885,0,0.005,0.006472492,0
20180830,0.002309469,0.001567398,0,-0.006557377,-0.001492537
20180831,-0.002386635,0,0.008121827,-0.006622517,0
20180903,0,-0.001552795,-0.005076142,0,-0.00149925
20180904,0.007042254,0,-0.009109312,0,0.008995502
20180905,0.101616628,0.00155521,0,0,0.006793478
20180906,0.004385965,0,0.011422638,0.003194888,0.008219178
20180907,-0.014344262,0,0.017951426,-0.012820513,-0.016348774
20180910,0.012295082,0.242424242,0.094080338,0.054662379,0.001358696
20180911,-0.004201681,-0.043123543,-0.020725389,0,-0.00136612
20180912,0,0.016883117,-0.010905125,0.006493506,0.00554785
20180913,-0.004081633,-0.013869626,0.007786429,0,0.010869565
20180914,-0.006060606,-0.022880215,0.012235818,0,0.00270636
20180917,0.008064516,-0.030136986,0,0.003267974,0.004070556
20180918,0,-0.002890173,0.009933775,-0.013513514,0.00137741
20180919,0,0,0.010135135,0,0.005369128
20180920,-0.008583691,-0.005873715,0.002252252,0.006825939,0
20180921,-0.00877193,0,0.014460512,0,0.002781641
20180927,0.002197802,0.007173601,0,0,0
20180928,0.023255814,0.002886003,0.005464481,0,-0.001303781
20181001,0.004219409,-0.00728863,0.01659292,-0.003436426,0
20181002,0.014522822,0,0.003167899,0.003508772,0.001342282
20181004,0,-0.017883756,0.004192872,0,0
20181005,-0.011037528,0,-0.001058201,-0.007246377,-0.002808989
20181008,0,-0.018320611,0.009605123,0,-0.002816901
20181010,-0.015801354,0,0.00534188,-0.010909091,0.005698006
20181011,-0.04950495,-0.047839506,-0.036076663,-0.052434457,-0.041297935
20181012,0.002564103,-0.020967742,-0.028538813,-0.036585366,-0.010852713
20181015,0.019323671,0.020602219,-0.015837104,0.03968254,0
20181016,0.012048193,0.012578616,0.029850746,0.022140221,-0.009244992
20181017,0.011709602,0.015243902,0.012629162,0.021428571,0.03500761
20181018,-0.002272727,-0.010463378,0.01146789,0,0.005970149
20181019,-0.011574074,-0.013452915,-0.014857143,-0.013513514,-0.01529052
20181022,0.018306636,0,0.00456621,0.003389831,0
20181023,-0.002277904,0.007320644,-0.013129103,0.010135135,-0.005970149
20181024,0.009367681,0.003025719,0.012263099,0,0.01453958
20181025,-0.023364486,-0.032457496,-0.048,-0.03125,-0.03672788
20181026,0.024875622,0.006389776,-0.011764706,0.018382353,0.025641026
20181029,-0.002493766,-0.019933555,-0.017654477,-0.011320755,-0.007054674
20181030,-0.010443864,-0.037593985,-0.163179916,-0.025423729,-0.028462998
20181031,0.015789474,0.003649635,0.008356546,0.04,0.009328358
20181101,0.01,0.003401361,0,0.003787879,0.00907441
20181102,0.019607843,0.03960396,0.010498688,0.018382353,0.018450185
20181105,0.007228916,0.022435897,-0.008939974,0.018115942,-0.012367491
20181106,0.012077295,0.013719512,0.019157088,0.014652015,0.001792115
20181107,0.047732697,0.063829787,0.021144279,0.046099291,0.014362657
20181108,0.018957346,0.013452915,-0.00625,0.021505376,0.018181818
20181109,0.032482599,0.024781341,-0.007389163,0.020618557,0.010752688
20181112,0.00228833,0.021037868,0.008599509,-0.00990099,-0.01426025
20181113,-0.015837104,-0.024113475,-0.015776699,-0.022875817,-0.023172906
20181114,-0.011441648,0.005706134,0.006134969,0.013071895,0.010771993
20181115,-0.004683841,0.011396011,0.0225,0,0
20181116,0.014285714,0.014326648,0.007481297,0.017123288,0.016304348
20181119,0.002392344,0.007163324,0.007594937,-0.003472222,0
20181120,-0.016587678,0.001466276,-0.006369427,-0.024911032,-0.014234875
20181121,-0.017114914,-0.016248154,0,-0.014388489,-0.009090909
20181122,0.01216545,-0.004477612,0,0,0
20181123,-0.002487562,0.009230769,0.007905138,0,0.007285974
20181126,0.002525253,0.004580153,0.006578947,0.018587361,-0.003703704
20181127,0.014925373,0.079411765,0.018766756,0.035842294,0.005514706
20181128,0.007334963,-0.002873563,0.010680908,0.007017544,0.003636364
20181129,-0.002487562,-0.011461318,0.014360313,0,0.010909091
20181130,0,0.002936858,0.005291005,0,0.005434783
20181203,0,0.001485884,0.006675567,0.010948905,0.014492754
20181204,0.015189873,0.002915452,0.004,0,0.008710801
20181205,-0.007556675,-0.023222061,0.003957784,-0.02173913,-0.034965035
20181206,0.007792208,0,0.001331558,-0.003663004,-0.001769912
20181207,0,0.00618238,-0.001420455,0.035019455,0
20181210,-0.005221932,-0.025185185,-0.02,-0.019607843,-0.025408348
20181211,0,0.014326648,-0.015128593,-0.003968254,0.001901141
20181212,0.005464481,0,-0.020634921,0,-0.001901141
20181213,0.002680965,-0.001503759,0.010687023,-0.012145749,0
20181214,0,-0.005943536,0.005979073,-0.011764706,0.014414414
20181217,0,0.006060606,-0.021994135,0.015936255,0.005424955
20181218,-0.007832898,0.003007519,-0.033873343,-0.016194332,-0.008928571
20181219,0.016129032,0.032934132,0.00297619,-0.004081633,0
20181220,0,0.004497751,0.007256894,-0.007968127,-0.003597122
20181221,0,0,0,-0.007936508,0
20181224,0.013089005,-0.001503759,0,-0.003952569,0.001818182
20181226,-0.017902813,-0.026234568,-0.00149925,-0.023622047,-0.019677996
20181227,0.026595745,0.006420546,0.022865854,0.012552301,0.007220217
20181228,-0.002631579,0.00477707,0.015151515,0,-0.027027027
20190102,0.005221932,-0.001572327,0.007462687,0.01171875,0.026871401
20190103,-0.012953368,0,-0.010447761,0.003921569,0.00390625
20190104,-0.010638298,0,0,0.003952569,-0.011811024
20190107,0.018957346,0,0.004398827,0.007575758,0.00967118
20190108,-0.002169197,0,0.011782032,-0.00754717,-0.005747126
20190109,-0.012875536,0,0.005420054,0.003759398,-0.005758157
20190110,0.023861171,0.002994012,-0.006915629,-0.003759398,0.007590133
20190111,0.002169197,0.001508296,0,0.003773585,0.003752345
20190114,0.024886878,0.043219076,0.02266289,0.04797048,0.003745318
20190115,0.006696429,0.01317716,0.012569832,0.00729927,0
20190116,0.009009009,0,-0.0027894,0,0
20190117,0.006521739,-0.009845288,0.002739726,-0.003558719,0.010714286
20190118,-0.028761062,0.004304161,0.002751032,0.003623188,0
20190121,-0.002222222,0.029745042,0.017955801,0.003584229,0.022375215
20190122,0.010822511,0.016528926,0.020689655,0,-0.005102041
20190123,0.016949153,0.028795812,0.010596026,0.014545455,-0.010526316
20190124,0,0.010869565,0.00536193,-0.007272727,0.001736111
20190125,0.006564551,0,-0.009320905,0.006920415,0
20190128,0.002169197,0.011952191,0.035761589,0,-0.010471204
20190129,0,0.00265252,0.004,-0.01048951,0.001788909
20190130,0.011235955,-0.002680965,0.002717391,0.007142857,0
20190131,0.013544018,0.006811989,0.002747253,-0.010380623,0.006980803
20190201,0,0,0.005369128,-0.007042254,0.003484321
20190207,0,0.015320334,-0.010869565,0,0
20190208,-0.002197802,0.001367989,-0.001349528,-0.006872852,-0.005217391
20190211,0.010683761,0.004043127,0,0.012658228,-0.003490401
20190212,0.002123142,0.010840108,0,0.003095975,0
20190213,-0.006276151,0.004070556,0.001386963,0.005970149,0.001760563
20190214,-0.006036217,0,0.001385042,-0.00591716,0.006802721
20190215,0,0.020107239,0.005524862,0,0
20190218,0.008421053,-0.001347709,0.006925208,0.002994012,0.006908463
20190219,0.006237006,0.002688172,0.005586592,0,0.01025641
20190220,0.020242915,0.006775068,0.008462623,0.012269939,0.00170068
20190221,-0.008230453,0.009296149,0.002735978,0.006116208,0.00166113
20190222,0.004098361,0.010695187,-0.002762431,0.006289308,0
20190225,0.022357724,-0.00397878,0.005449591,0.012158055,0.005110733
20190226,0.008163265,0.001319261,0.002688172,0.009259259,0.013605442
20190227,-0.006276151,0.005376344,0,-0.003115265,0.003384095
20190228,0,-0.001342282,0.009485095,-0.00621118,0.005084746
20190304,0.019693654,0.060906516,0.006993007,0.059800664,0.005181347
20190305,0.028806584,0.042580645,0.096598639,0.020467836,0
20190306,0.014198783,0.021711367,0.015686275,0.045731707,0.005110733
20190307,-0.007751938,-0.017610063,0.002531646,0.00877193,-0.006644518
20190308,-0.014553015,-0.022757697,0.001349528,0.005882353,-0.006779661
20190311,-0.005988024,-0.004010695,-0.001324503,0.02425876,-0.001730104
20190312,0.001923077,0.00132626,-0.005025126,-0.006637168,0.010398614
20190313,0.005870841,0.014473684,0.001246883,-0.008714597,0.003338898
20190314,0,0.005298013,0.005082592,0.025917927,0.003289474
20190315,0.004056795,0,0.005089059,0.006637168,0.006568144
20190318,-0.002066116,0.001351351,0.002544529,0,0.024630542
